Rk,Tm,G,PF,Yds,Ply,Y/P,TO,FL,1stD,Passing Cmp,Passing Att,Passing Yds,Passing TD,Passing Int,Passing NY/A,Passing 1stD,Rushing Att,Rushing Yds ,Rushing TD,Rushing Y/A,Rushing 1stD,Penalties Pen,Penalties Yds,Penalties 1stPy,Sc%,TO%,EXP,Season
1,Kansas City Chiefs,17,496,7032,1094,6.4,23,11,408,435,651,5062,41,12,7.5,272,417,1970,18,4.7,105,87,838,31,46.4,10.1,281,2022
2,Philadelphia Eagles,17,477,6614,1124,5.9,19,10,385,350,536,4105,25,9,7.1,195,544,2509,32,4.6,161,90,682,29,42.5,10.2,226.96,2022
3,Dallas Cowboys,17,467,6034,1114,5.4,23,5,347,355,556,3736,28,18,6.4,194,531,2298,24,4.3,129,104,842,24,41.5,10.8,112.34,2022
4,Buffalo Bills,16,455,6361,1037,6.1,27,13,367,361,574,4129,35,14,6.8,212,430,2232,15,5.2,128,92,709,27,45,15.2,157.46,2022
5,Detroit Lions,17,453,6460,1092,5.9,15,8,376,383,588,4281,29,7,7,228,480,2179,23,4.5,114,90,773,34,43.2,8,162.04,2022
6,San Francisco 49ers,17,450,6216,1047,5.9,17,8,347,338,512,3856,30,9,7.1,188,504,2360,20,4.7,132,94,730,27,41.4,9.1,161.29,2022
7,Minnesota Vikings,17,424,6145,1123,5.5,23,8,382,448,672,4484,30,15,6.2,244,404,1661,18,4.1,93,88,684,45,36,11.7,89.64,2022
8,Cincinnati Bengals,16,418,5768,1053,5.5,18,6,357,418,610,4240,35,12,6.5,221,399,1528,14,3.8,96,81,623,40,41.5,9.7,147.62,2022
9,Seattle Seahawks,17,407,5976,1044,5.7,23,11,346,399,573,3934,30,12,6.4,206,425,2042,12,4.8,106,106,854,34,40.6,11.2,63.6,2022
10,Jacksonville Jaguars,17,404,6075,1072,5.7,22,13,352,394,596,3959,25,9,6.3,208,448,2116,16,4.7,114,90,674,30,39.2,12.2,103.21,2022
11,Miami Dolphins,17,397,6197,1009,6.1,21,6,342,368,584,4511,30,15,7.3,220,390,1686,12,4.3,93,111,881,29,38.8,11.8,79.06,2022
12,Las Vegas Raiders,17,395,5993,1049,5.7,21,4,343,359,586,3934,28,17,6.3,193,428,2059,12,4.8,122,113,932,28,42.4,12.2,74.09,2022
13,Los Angeles Chargers,17,391,6108,1154,5.3,19,9,352,485,711,4584,26,10,6.1,232,404,1524,15,3.8,93,81,635,27,38.1,9.5,75.75,2022
14,Green Bay Packers,17,370,5745,1051,5.5,22,10,334,364,563,3632,27,12,6.1,186,456,2113,12,4.6,116,89,747,32,36.2,11.3,68.9,2022
15,Atlanta Falcons,17,365,5417,1011,5.4,21,12,330,257,415,2699,17,9,6,148,559,2718,17,4.9,152,68,594,30,39.5,11.4,73.69,2022
16,New York Giants,17,365,5676,1089,5.2,16,10,352,346,520,3157,17,6,5.5,170,520,2519,21,4.8,150,106,827,32,37.3,7.3,78.05,2022
17,New England Patriots,17,364,5348,1006,5.3,23,9,288,358,540,3536,19,14,6.1,166,425,1812,12,4.3,98,104,841,24,32.8,12,-25.81,2022
18,Cleveland Browns,17,361,5934,1116,5.3,21,9,350,335,540,3444,19,12,5.9,182,532,2490,19,4.7,142,102,865,26,34.6,11.2,58.03,2022
19,Baltimore Ravens,17,350,5760,1052,5.5,21,8,337,300,488,3040,19,13,5.8,149,526,2720,14,5.2,167,82,678,21,38.9,11.7,48.17,2022
20,Carolina Panthers,17,347,5206,976,5.3,21,8,281,267,457,2996,16,13,6.1,138,483,2210,16,4.6,119,104,862,24,35.3,9.6,-5.06,2022
21,Arizona Cardinals,17,340,5499,1144,4.8,25,8,326,433,664,3626,17,17,5.1,189,434,1873,15,4.3,115,118,916,22,32.1,12.8,-36.27,2022
22,New Orleans Saints,17,330,5674,1015,5.6,25,11,305,338,512,3692,24,14,6.7,181,465,1982,12,4.3,103,99,841,21,31.7,12.9,17.3,2022
23,Chicago Bears,17,326,5233,993,5.3,25,10,278,223,377,2219,19,15,5.1,109,558,3014,18,5.4,148,80,754,21,34.3,12.7,-7.14,2022
24,Washington Commanders,17,321,5615,1140,4.9,23,7,339,344,554,3472,24,16,5.8,184,538,2143,9,4,124,92,805,31,29.4,11.7,-24.27,2022
25,Tampa Bay Buccaneers,17,313,5894,1159,5.1,22,12,346,499,751,4586,26,10,5.9,240,386,1308,5,3.4,79,99,793,27,32,10.3,1.03,2022
26,Pittsburgh Steelers,17,308,5484,1109,4.9,19,5,345,364,571,3411,12,14,5.6,189,500,2073,16,4.1,129,94,711,27,35,9.6,42.17,2022
27,Los Angeles Rams,17,307,4769,1001,4.8,23,8,293,347,531,3108,16,15,5.3,181,411,1661,15,4,89,76,655,23,33.5,13.1,-7.51,2022
28,Tennessee Titans,17,298,5045,992,5.1,23,12,277,285,456,2914,16,11,5.8,153,487,2131,16,4.4,104,111,956,20,27.9,10.5,-27.22,2022
29,New York Jets,17,296,5409,1074,5,23,9,294,357,627,3723,15,14,5.6,191,405,1686,13,4.2,79,91,866,24,29.9,11.9,-47.59,2022
30,Houston Texans,17,289,4820,1015,4.7,28,9,277,352,579,3344,20,19,5.4,159,398,1476,7,3.7,90,88,644,28,28.8,13.6,-120.59,2022
31,Indianapolis Colts,17,289,5298,1103,4.8,34,14,310,398,604,3432,17,20,5.2,193,439,1866,8,4.3,91,89,794,26,29.2,16.9,-110.46,2022
32,Denver Broncos,17,287,5527,1078,5.1,24,9,300,345,571,3592,18,15,5.7,166,444,1935,11,4.4,105,113,970,29,28.6,10.6,-41.62,2022
1,Dallas Cowboys,17,530,6919,1153,6,20,9,390,444,647,4800,40,11,7.1,248,473,2119,15,4.5,111,127,1103,31,43.8,9.9,158.06,2021
2,Tampa Bay Buccaneers,17,511,6901,1139,6.1,19,7,404,492,731,5229,43,12,6.9,273,385,1672,18,4.3,106,97,874,25,44.3,9.8,216.14,2021
3,Buffalo Bills,17,483,6493,1143,5.7,22,6,398,415,655,4284,36,16,6.3,236,461,2209,20,4.8,134,113,980,28,45.2,11.3,216.68,2021
4,Kansas City Chiefs,17,480,6746,1134,5.9,25,12,419,448,675,4791,37,13,6.8,267,431,1955,16,4.5,119,111,925,33,48.2,13.7,261.77,2021
5,Los Angeles Chargers,17,474,6634,1128,5.9,22,7,401,443,674,4800,38,15,6.8,256,423,1834,18,4.3,112,116,1033,33,45.7,12,164.91,2021
6,New England Patriots,17,462,6008,1052,5.7,23,10,362,364,535,3857,24,13,6.9,187,489,2151,24,4.4,139,95,854,36,48,12.6,126.97,2021
7,Cincinnati Bengals,17,460,6145,1046,5.9,21,7,337,384,555,4403,36,14,7.2,208,436,1742,16,4,96,72,620,33,42.6,10,118.5,2021
8,Los Angeles Rams,17,460,6325,1058,6,23,5,355,406,607,4642,41,18,7.3,233,420,1683,10,4,99,76,637,23,45.9,12.2,161.53,2021
9,Indianapolis Colts,17,451,5901,1052,5.6,19,11,354,324,521,3361,27,8,6.1,167,499,2540,22,5.1,154,76,688,33,43.3,8.9,127.06,2021
10,Green Bay Packers,17,450,6215,1072,5.8,13,6,375,402,593,4315,39,7,6.9,235,446,1900,13,4.3,109,69,678,31,44.5,6.4,180.42,2021
11,Arizona Cardinals,17,449,6352,1126,5.6,15,4,367,415,591,4276,27,11,6.8,214,496,2076,23,4.2,127,114,990,26,44.7,7.8,119.94,2021
12,Philadelphia Eagles,17,444,6119,1075,5.7,16,6,352,307,494,3404,20,10,6.5,167,550,2715,25,4.9,163,107,842,22,43.4,9.2,113.05,2021
13,San Francisco 49ers,17,427,6387,1046,6.1,24,10,361,343,514,4221,26,14,7.7,200,499,2166,22,4.3,130,102,1066,31,41.2,11.5,130.03,2021
14,Minnesota Vikings,17,425,6168,1083,5.7,13,6,332,398,604,4238,34,7,6.7,202,449,1930,10,4.3,103,111,1043,27,39.3,6.6,72.05,2021
15,Tennessee Titans,17,419,5822,1133,5.1,25,11,362,359,535,3418,22,14,5.9,194,551,2404,23,4.4,134,103,973,34,38.9,13,79.19,2021
16,Seattle Seahawks,17,395,5506,954,5.8,13,6,302,324,495,3432,30,7,6.3,166,413,2074,18,5,106,97,803,30,34.8,7,101.56,2021
17,Baltimore Ravens,17,387,6440,1185,5.4,26,8,394,396,611,3961,21,18,5.9,209,517,2479,18,4.8,159,102,852,26,38.5,13.3,59.67,2021
18,Las Vegas Raiders,17,374,6184,1082,5.7,24,10,349,429,628,4567,23,14,6.8,217,414,1617,14,3.9,95,124,1104,37,41,12.8,77.89,2021
19,New Orleans Saints,17,364,5177,1051,4.9,18,5,307,293,504,3186,29,13,5.9,165,510,1991,12,3.9,113,98,811,29,33.7,8.7,-11.97,2021
20,Cleveland Browns,17,349,5791,1054,5.5,22,8,342,320,520,3320,21,14,5.8,177,485,2471,20,5.1,138,112,1035,27,32.2,12.4,58.49,2021
21,Pittsburgh Steelers,17,343,5361,1113,4.8,20,9,323,425,664,3778,23,11,5.4,204,411,1583,10,3.9,85,106,831,34,34.7,9.5,-14.49,2021
22,Miami Dolphins,17,341,5219,1097,4.8,26,12,325,404,615,3651,21,14,5.6,206,442,1568,12,3.5,87,105,825,32,30.1,12.4,-11.96,2021
23,Denver Broncos,17,335,5618,1036,5.4,18,9,331,354,541,3593,20,9,6.2,179,455,2025,16,4.5,124,83,711,28,36.9,9.5,61.32,2021
24,Washington Commanders,17,335,5502,1070,5.1,24,9,345,356,550,3441,21,15,5.8,181,477,2061,13,4.3,129,82,743,35,34.6,13.4,15.8,2021
25,Detroit Lions,17,325,5484,1056,5.2,23,9,329,396,593,3598,23,14,5.7,193,427,1886,12,4.4,104,105,824,32,34.3,12.9,6.87,2021
26,Atlanta Falcons,17,313,5164,1006,5.1,26,11,306,377,573,3713,20,15,6.1,196,393,1451,11,3.7,75,92,753,35,32.8,14.7,-18.38,2021
27,Chicago Bears,17,311,5225,1075,4.9,29,9,333,332,542,3207,16,20,5.3,180,475,2018,14,4.2,119,106,919,34,31.5,15.2,-40.89,2021
28,New York Jets,17,310,5208,1036,5,27,7,310,357,603,3541,20,20,5.4,195,380,1667,14,4.4,87,103,860,28,29.4,14.4,-32.71,2021
29,Carolina Panthers,17,304,5081,1106,4.6,29,8,322,348,599,3239,14,21,5,174,455,1842,17,4,118,107,864,30,29.2,14.9,-92.1,2021
30,Houston Texans,17,280,4727,1010,4.7,22,7,266,354,546,3305,21,15,5.6,162,420,1422,8,3.4,77,114,978,27,26.6,11.2,-74.29,2021
31,New York Giants,17,258,4884,1050,4.7,30,10,299,351,593,3196,15,20,5.1,171,419,1688,8,4,90,88,674,38,27.5,15.9,-100.13,2021
32,Jacksonville Jaguars,17,253,5191,1028,5,29,12,304,361,604,3436,12,17,5.4,178,392,1755,13,4.5,92,104,856,34,26.4,15.7,-42.52,2021
1,Green Bay Packers,16,509,6224,990,6.3,11,6,358,372,526,4106,48,5,7.5,216,443,2118,16,4.8,114,84,684,28,49.7,5.6,290.75,2020
2,Buffalo Bills,16,501,6343,1034,6.1,22,11,397,410,596,4620,40,11,7.4,240,411,1723,16,4.2,119,102,941,38,49.4,11.8,228.66,2020
3,Tampa Bay Buccaneers,16,492,6145,1017,6,17,5,364,410,626,4626,42,12,7.1,238,369,1519,16,4.1,82,84,715,44,47.8,8.9,246.24,2020
4,Tennessee Titans,16,491,6343,1031,6.2,12,5,381,316,485,3653,33,7,7.2,203,521,2690,26,5.2,142,86,783,36,47.9,7.2,245.01,2020
5,New Orleans Saints,16,482,6023,1045,5.8,17,9,367,370,522,3758,28,8,6.8,199,494,2265,30,4.6,147,98,1005,21,45.5,9,176.94,2020
6,Kansas City Chiefs,16,473,6653,1057,6.3,16,9,397,420,630,4854,40,7,7.4,255,403,1799,13,4.5,110,105,919,32,47.9,9.2,280.82,2020
7,Baltimore Ravens,16,468,5810,993,5.9,18,7,327,257,406,2739,27,11,6.3,142,555,3071,24,5.5,166,104,961,19,45.3,10.6,148.3,2020
8,Seattle Seahawks,16,459,5912,1022,5.8,18,5,356,388,563,3941,40,13,6.5,216,411,1971,15,4.8,111,84,662,29,44.4,10.1,129.24,2020
9,Indianapolis Colts,16,451,6049,1032,5.9,15,4,364,371,552,4053,24,11,7.1,201,459,1996,20,4.3,129,94,899,34,44.4,8.8,168.41,2020
10,Las Vegas Raiders,16,434,6133,1036,5.9,26,16,359,369,551,4217,28,10,7.3,206,457,1916,20,4.2,121,98,856,32,47.9,14.8,147.62,2020
11,Minnesota Vikings,16,430,6292,1023,6.2,23,10,383,349,516,4009,35,13,7.2,212,468,2283,20,4.9,139,82,650,32,39.8,12.5,157.7,2020
12,Pittsburgh Steelers,16,416,5354,1043,5.1,18,7,322,428,656,4003,35,11,6,206,373,1351,12,3.6,81,81,691,35,37.2,8.5,78.22,2020
13,Arizona Cardinals,16,410,6153,1083,5.7,21,8,381,387,575,3916,27,13,6.5,211,479,2237,22,4.7,136,113,868,34,40.2,11.7,103.62,2020
14,Cleveland Browns,16,408,5913,1022,5.8,16,8,355,315,501,3539,27,8,6.7,195,495,2374,21,4.8,133,100,870,27,40.6,9.7,159.48,2020
15,Miami Dolphins,16,404,5424,1021,5.3,20,7,345,370,559,3736,24,13,6.3,207,428,1688,15,3.9,100,74,635,38,41.4,11,61.96,2020
16,Atlanta Falcons,16,396,5895,1078,5.5,18,7,366,408,628,4363,27,11,6.5,243,409,1532,13,3.7,86,83,736,37,44.8,10.3,129.77,2020
17,Dallas Cowboys,16,395,5949,1113,5.3,26,13,371,413,639,4161,25,13,6.1,231,430,1788,14,4.2,115,96,849,25,40.6,14.4,58.97,2020
18,Houston Texans,16,384,6004,940,6.4,18,11,326,383,546,4538,33,7,7.6,222,344,1466,10,4.3,83,80,619,21,42.9,9.8,140.22,2020
19,Los Angeles Chargers,16,384,6113,1127,5.4,16,6,373,413,627,4329,31,10,6.5,226,466,1784,12,3.8,111,85,710,36,38.3,8.6,129.6,2020
20,Detroit Lions,16,377,5603,991,5.7,21,8,350,374,582,4104,27,13,6.6,220,367,1499,17,4.1,93,95,860,37,38.5,11.2,94.78,2020
21,San Francisco 49ers,16,376,5922,1046,5.7,31,14,350,371,570,4033,25,17,6.6,217,437,1889,19,4.3,101,85,731,32,36.3,14.8,55.7,2020
22,Los Angeles Rams,16,372,6032,1088,5.5,25,11,352,392,590,4014,20,14,6.5,206,473,2018,19,4.3,123,71,655,23,34.2,12.5,57.24,2020
23,Chicago Bears,16,372,5302,1043,5.1,22,6,335,402,614,3655,26,16,5.6,218,393,1647,12,4.2,93,88,777,24,38.9,12,34.92,2020
24,Carolina Panthers,16,350,5592,993,5.6,21,5,335,373,550,3888,16,16,6.6,192,407,1704,19,4.2,110,95,752,33,40.3,13.2,81.2,2020
25,Washington Commanders,16,335,5076,1051,4.8,27,11,322,389,601,3465,16,16,5.3,184,400,1611,18,4,108,87,697,30,33.3,13.1,-10.43,2020
26,Philadelphia Eagles,16,334,5354,1066,5,29,9,336,334,598,3327,22,20,5,177,403,2027,16,5,114,107,853,45,27.9,15.3,-13.65,2020
27,New England Patriots,16,326,5236,979,5.3,19,5,332,283,440,2890,12,14,6.1,157,502,2346,20,4.7,143,62,534,32,36.9,12.1,55.88,2020
28,Denver Broncos,16,323,5369,1030,5.2,32,9,308,317,556,3451,21,23,5.9,176,442,1918,13,4.3,94,81,670,38,33,17,-21.82,2020
29,Cincinnati Bengals,16,311,5116,1040,4.9,24,13,318,372,581,3448,19,11,5.5,201,411,1668,13,4.1,92,83,675,25,33,12.8,-5.13,2020
30,Jacksonville Jaguars,16,306,5218,997,5.2,25,9,310,387,616,3699,25,16,5.6,205,337,1519,9,4.5,80,107,1071,25,30.4,14,-6.12,2020
31,New York Giants,16,280,4794,966,5,22,11,297,321,517,3026,12,11,5.3,178,399,1768,13,4.4,91,81,634,28,33.5,12.6,-26.79,2020
32,New York Jets,16,243,4479,948,4.7,19,5,269,292,499,2796,16,14,5.2,146,406,1683,9,4.1,94,101,952,29,26.3,10.9,-59.07,2020
1,Baltimore Ravens,16,531,6521,1064,6.1,15,7,386,289,440,3225,37,8,6.9,171,596,3296,21,5.5,188,109,867,27,51.8,8.4,239.99,2019
2,San Francisco 49ers,16,479,6097,1012,6,23,10,336,331,478,3792,28,13,7.4,195,498,2305,23,4.6,110,105,939,31,44.3,12,140.39,2019
3,Tampa Bay Buccaneers,16,458,6366,1086,5.9,41,11,353,382,630,4845,33,30,7.2,244,409,1521,15,3.7,81,133,1111,28,37.9,20.2,37,2019
4,New Orleans Saints,16,458,5982,1011,5.9,8,2,347,418,581,4244,36,6,7,230,405,1738,12,4.3,97,120,1036,20,46.2,4,163.04,2019
5,Kansas City Chiefs,16,451,6067,976,6.2,15,10,350,378,576,4498,30,5,7.5,211,375,1569,16,4.2,93,107,1029,46,48.8,7.9,263.38,2019
6,Dallas Cowboys,16,434,6904,1069,6.5,18,7,379,388,597,4751,30,11,7.7,229,449,2153,18,4.8,120,109,1008,30,44.6,10.3,210.77,2019
7,New England Patriots,16,420,5664,1095,5.2,15,6,338,378,620,3961,25,9,6.1,197,447,1703,17,3.8,110,94,828,31,36.3,7.4,34.62,2019
8,Minnesota Vikings,16,407,5656,970,5.8,20,12,314,319,466,3523,26,8,7.1,171,476,2133,19,4.5,106,96,895,37,41.6,10.4,98.01,2019
9,Seattle Seahawks,16,405,5991,1046,5.7,20,14,341,341,517,3791,31,6,6.7,190,481,2200,15,4.6,121,109,882,30,36.5,10.6,86.55,2019
10,Tennessee Titans,16,402,5805,949,6.1,17,9,317,297,448,3582,29,8,7.1,177,445,2223,21,5,104,99,932,36,31.4,8.6,115.88,2019
11,Los Angeles Rams,16,394,5998,1055,5.7,24,7,342,397,632,4499,22,17,6.9,222,401,1499,20,3.7,92,118,899,28,35.7,13,37.09,2019
12,Philadelphia Eagles,16,385,5772,1104,5.2,23,15,354,391,613,3833,27,8,5.9,215,454,1939,16,4.3,104,100,836,35,34.8,10.7,59.85,2019
13,Atlanta Falcons,16,381,6075,1096,5.5,25,10,383,459,684,4714,29,15,6.4,258,362,1361,10,3.8,84,119,956,41,40.8,13.2,95.51,2019
14,Houston Texans,16,378,5792,1017,5.7,22,8,346,355,534,3783,27,14,6.5,203,434,2009,17,4.6,112,111,892,31,37.9,12.4,118.67,2019
15,Green Bay Packers,16,376,5528,1020,5.4,13,9,320,356,573,3733,26,4,6.1,190,411,1795,18,4.4,90,100,774,40,37.3,6.8,113.4,2019
16,Arizona Cardinals,16,361,5467,1000,5.5,18,6,314,355,554,3477,20,12,5.8,176,396,1990,18,5,109,121,956,29,38.8,10.1,64.36,2019
17,Indianapolis Colts,16,361,5238,1016,5.2,21,11,340,307,513,3108,22,10,5.7,165,471,2130,17,4.5,131,79,670,44,36.3,11.3,74.8,2019
18,Detroit Lions,16,341,5549,1021,5.4,23,8,313,344,571,3900,28,15,6.4,196,407,1649,7,4.1,82,113,937,35,33.3,12,31.07,2019
19,New York Giants,16,341,5416,1012,5.4,33,16,311,376,607,3731,30,17,5.7,187,362,1685,11,4.7,89,90,784,35,28.6,17.8,-10.3,2019
20,Carolina Panthers,16,340,5469,1077,5.1,35,14,335,382,633,3650,17,21,5.3,230,386,1819,20,4.7,82,87,754,23,32.3,16.7,-28.07,2019
21,Los Angeles Chargers,16,337,5879,997,5.9,31,11,349,394,597,4426,24,20,7,220,366,1453,12,4,90,103,872,39,38.8,18.1,82.43,2019
22,Cleveland Browns,16,335,5455,973,5.6,28,7,305,318,539,3554,22,21,6.1,180,393,1901,15,4.8,90,122,1106,35,33.9,14.8,13.54,2019
23,Buffalo Bills,16,314,5283,1018,5.2,19,7,314,299,513,3229,21,12,5.8,162,465,2054,13,4.4,120,117,927,32,30.1,10.2,6.66,2019
24,Las Vegas Raiders,16,313,5819,989,5.9,17,9,315,367,523,3926,22,8,7.1,194,437,1893,13,4.3,104,128,1138,17,32.7,9.7,79.57,2019
25,Miami Dolphins,16,306,4960,1022,4.9,26,8,315,371,615,3804,22,18,5.7,210,349,1156,10,3.3,64,92,769,41,30.2,13.7,-28.85,2019
26,Jacksonville Jaguars,16,300,5468,1020,5.4,20,12,298,364,589,3760,24,8,6,183,389,1708,3,4.4,85,132,1165,30,33.9,10.2,-23.15,2019
27,Pittsburgh Steelers,16,289,4428,937,4.7,30,11,265,315,510,2981,18,19,5.5,147,395,1447,7,3.7,75,111,893,43,28.9,16,-85.56,2019
28,Denver Broncos,16,282,4777,954,5,16,6,279,312,504,3115,16,10,5.7,162,409,1662,11,4.1,77,110,912,40,32.4,9.2,-14.61,2019
29,Chicago Bears,16,280,4749,1020,4.7,19,7,297,371,580,3291,20,12,5.3,178,395,1458,8,3.7,85,103,838,34,29.1,10.3,-41.05,2019
30,Cincinnati Bengals,16,279,5169,1049,4.9,30,14,312,356,616,3652,18,16,5.5,191,385,1517,9,3.9,85,93,761,36,29.8,15.5,-60.73,2019
31,New York Jets,16,276,4368,956,4.6,25,9,253,323,521,3111,19,16,5.4,162,383,1257,6,3.3,61,115,1105,30,23.3,11.6,-112.92,2019
32,Washington Commanders,16,266,4395,885,5,21,8,248,298,479,2812,18,13,5.3,154,356,1583,9,4.4,74,106,835,20,29.5,11.9,-88.3,2019
1,Kansas City Chiefs,16,565,6810,996,6.8,18,6,384,385,583,4955,50,12,8.1,239,387,1855,16,4.8,108,137,1152,37,52.6,10.5,298.14,2018
2,Los Angeles Rams,16,527,6738,1060,6.4,19,7,401,368,568,4507,32,12,7.5,236,459,2231,23,4.9,134,96,878,31,48.6,9.8,239.79,2018
3,New Orleans Saints,16,504,6067,1010,6,16,9,377,381,519,4042,33,7,7.5,210,471,2025,26,4.3,134,94,939,33,51.8,9.5,237.73,2018
4,New England Patriots,16,436,6295,1073,5.9,18,7,365,378,574,4258,29,11,7.2,206,478,2037,18,4.3,131,93,744,28,40.8,9.2,190.96,2018
5,Indianapolis Colts,16,433,6179,1070,5.8,24,9,371,432,644,4461,39,15,6.7,237,408,1718,13,4.2,96,120,953,38,41.2,13.2,140.47,2018
6,Seattle Seahawks,16,428,5653,1012,5.6,11,4,329,280,427,3093,35,7,6.5,156,534,2560,15,4.8,133,111,959,40,39.8,6.1,128.78,2018
7,Los Angeles Chargers,16,428,5962,945,6.3,19,7,338,348,512,4089,32,12,7.5,213,399,1873,16,4.7,100,113,967,25,42.4,10,170.19,2018
8,Pittsburgh Steelers,16,428,6453,1058,6.1,26,9,378,459,689,5008,35,17,7,251,345,1445,16,4.2,88,111,1026,39,36.8,14.3,156.16,2018
9,Chicago Bears,16,421,5502,1013,5.4,24,10,331,344,512,3564,28,14,6.5,177,468,1938,16,4.1,108,97,796,46,36.8,13.2,96.31,2018
10,Atlanta Falcons,16,414,6226,1010,6.2,18,11,352,428,617,4653,36,7,7.1,238,351,1573,11,4.5,84,101,899,30,42.9,10.7,155.08,2018
11,Houston Texans,16,402,5802,1040,5.6,16,7,333,345,506,3781,26,9,6.7,202,472,2021,12,4.3,94,105,787,37,40.3,8.1,84.1,2018
12,Tampa Bay Buccaneers,16,396,6648,1055,6.3,35,9,388,408,625,5125,36,26,7.7,265,389,1523,11,3.9,80,117,975,43,37,19,121.14,2018
13,Baltimore Ravens,16,389,5999,1135,5.3,20,11,367,334,556,3558,18,9,6.1,184,547,2441,19,4.5,153,116,940,30,40.7,10.7,72.85,2018
14,Green Bay Packers,16,376,5905,1026,5.8,15,11,332,392,640,4238,25,4,6.1,208,333,1667,14,5,98,108,937,26,38.8,6.7,108.88,2018
15,Carolina Panthers,16,376,5972,1011,5.9,22,6,356,378,563,3836,28,16,6.4,212,416,2136,17,5.1,117,92,818,27,37,12.1,117.24,2018
16,New York Giants,16,369,5697,984,5.8,19,7,297,382,583,4047,23,12,6.4,208,354,1650,13,4.7,71,114,951,18,38.4,9.6,70.53,2018
17,Cincinnati Bengals,16,368,4972,938,5.3,17,4,304,331,542,3290,27,13,5.7,182,359,1682,13,4.7,92,114,957,30,35.5,9.6,47.57,2018
18,Philadelphia Eagles,16,367,5845,1037,5.6,23,12,346,422,599,4275,29,11,6.7,221,398,1570,12,3.9,94,100,852,31,38.1,12.5,91.97,2018
19,Minnesota Vikings,16,360,5529,1003,5.5,20,10,310,425,606,4036,30,10,6.2,218,357,1493,9,4.2,66,92,779,26,32.4,10.6,7.47,2018
20,Cleveland Browns,16,359,5900,1023,5.8,24,7,314,353,574,4007,29,17,6.5,189,411,1893,15,4.6,93,112,894,32,31.2,11.4,36.91,2018
21,San Francisco 49ers,16,342,5769,1003,5.8,32,12,344,331,532,3867,26,20,6.7,201,423,1902,7,4.5,98,112,982,45,37,17.1,20.95,2018
22,Dallas Cowboys,16,339,5501,1022,5.4,17,9,322,356,527,3538,22,8,6.1,184,439,1963,13,4.5,113,104,885,25,37.9,10.1,83.04,2018
23,New York Jets,16,333,4787,971,4.9,30,11,258,299,524,3165,18,19,5.6,157,410,1622,11,4,84,114,948,17,32,14.7,-97.45,2018
24,Denver Broncos,16,329,5602,1015,5.5,21,6,320,367,588,3695,19,15,5.9,181,393,1907,18,4.9,107,125,985,32,30.6,11.3,24.23,2018
25,Detroit Lions,16,324,5236,1019,5.1,19,7,325,375,574,3576,22,12,5.8,201,404,1660,11,4.1,91,94,852,33,35.3,11,39.87,2018
26,Miami Dolphins,16,319,4638,878,5.3,23,10,252,292,455,2900,26,13,5.7,153,371,1738,7,4.7,75,108,978,24,28.3,12.5,-40.39,2018
27,Tennessee Titans,16,310,5002,940,5.3,18,6,289,293,437,2975,16,12,6.1,156,456,2027,15,4.4,106,82,727,27,34.9,10.2,10.48,2018
28,Las Vegas Raiders,16,290,5379,995,5.4,24,14,300,382,556,3751,19,10,6.2,197,387,1628,9,4.2,86,110,965,17,31.3,13.6,-17.92,2018
29,Washington Commanders,16,281,4795,967,5,19,4,280,311,509,3021,16,15,5.5,156,414,1774,12,4.3,96,115,1008,28,31.8,11.2,-34.07,2018
30,Buffalo Bills,16,269,4778,1008,4.7,32,9,283,271,499,2794,13,23,5.2,137,468,1984,15,4.2,108,116,992,38,26.4,15.5,-104.81,2018
31,Jacksonville Jaguars,16,245,4832,1005,4.8,29,16,277,329,536,3109,15,13,5.3,164,416,1723,7,4.1,92,121,1112,21,25,15.6,-98.17,2018
32,Arizona Cardinals,16,225,3865,902,4.3,28,10,239,283,495,2523,15,18,4.6,137,355,1342,9,3.8,76,101,786,26,19.3,15,-155.06,2018
1,Los Angeles Rams,16,478,5784,1000,5.8,21,14,311,320,518,3831,28,7,7,185,454,1953,17,4.3,97,107,922,29,45.3,9.5,-43.18,2017
2,New England Patriots,16,458,6307,1070,5.9,12,4,389,389,587,4418,32,8,7.1,232,448,1889,16,4.2,107,95,835,50,49.4,6.9,114.84,2017
3,Philadelphia Eagles,16,457,5852,1073,5.5,20,11,338,341,564,3737,38,9,6.2,193,473,2115,9,4.5,108,116,962,37,40.3,9.4,21.06,2017
4,New Orleans Saints,16,448,6259,1000,6.3,18,10,332,386,536,4189,23,8,7.5,201,444,2070,23,4.7,111,105,967,20,44.6,9.1,7.38,2017
5,Jacksonville Jaguars,16,417,5855,1078,5.4,23,10,332,316,527,3593,21,13,6.5,193,527,2262,18,4.3,101,112,936,38,34.7,11.1,-36.01,2017
6,Kansas City Chiefs,16,415,6007,985,6.1,11,3,322,363,543,4104,26,8,7.1,198,405,1903,12,4.7,95,118,1044,29,44.9,6.3,-22.58,2017
7,Detroit Lions,16,410,5404,980,5.5,22,11,296,374,570,4183,29,11,6.8,210,363,1221,10,3.4,58,104,968,28,37.3,11.9,-93.68,2017
8,Pittsburgh Steelers,16,406,6047,1051,5.8,20,5,348,384,590,4380,29,15,7.1,217,437,1667,12,3.8,96,101,897,35,43,10.6,-32.55,2017
9,Baltimore Ravens,16,395,4886,1054,4.6,17,4,311,363,567,3030,20,13,5.1,168,460,1856,14,4,111,91,749,32,36.5,8.9,-132.06,2017
10,Minnesota Vikings,16,382,5710,1055,5.4,14,6,334,357,527,3753,25,8,6.8,196,501,1957,15,3.9,100,100,949,38,38.9,7.6,-54.08,2017
11,Seattle Seahawks,16,366,5286,1007,5.2,17,5,299,340,555,3657,34,12,6.1,183,409,1629,4,4,85,148,1342,31,30.5,8.6,-78.12,2017
12,Carolina Panthers,16,363,5179,1026,5,22,6,320,293,501,3077,22,16,5.7,167,490,2102,15,4.3,121,83,682,32,37.4,11.7,-100.34,2017
13,Los Angeles Chargers,16,355,6026,1020,5.9,15,4,337,366,583,4431,28,11,7.4,220,419,1595,10,3.8,84,108,927,33,33.3,8.5,-17.69,2017
14,Dallas Cowboys,16,354,5311,1005,5.3,22,9,314,309,493,3141,22,13,6,162,480,2170,18,4.5,127,97,939,25,36.3,11.1,-40.65,2017
15,Atlanta Falcons,16,353,5837,984,5.9,18,6,330,343,530,3990,21,12,7.2,200,430,1847,12,4.3,101,102,918,29,41.2,10.3,-46.05,2017
16,Washington Commanders,16,342,5199,982,5.3,27,14,278,347,540,3751,27,13,6.5,191,401,1448,10,3.6,66,92,733,21,31.9,12.6,-95.51,2017
17,Houston Texans,16,338,5120,1027,5,28,11,313,299,525,3278,28,17,5.7,180,448,1842,8,4.1,86,124,1050,47,29.2,14.6,-78.81,2017
18,Tampa Bay Buccaneers,16,335,5814,1035,5.6,27,13,352,378,605,4366,26,14,6.8,243,390,1448,8,3.7,76,104,795,33,33.7,15.4,-52.32,2017
19,Tennessee Titans,16,334,5024,974,5.2,25,8,290,306,496,3191,14,17,6,157,443,1833,18,4.1,97,85,785,36,35.1,12.6,-134.32,2017
20,San Francisco 49ers,16,331,5587,1058,5.3,23,8,321,362,607,3925,15,15,6,206,408,1662,15,4.1,88,123,988,27,37.5,12,-173.95,2017
21,Green Bay Packers,16,320,4891,999,4.9,25,7,307,352,562,3167,25,18,5.2,176,386,1724,13,4.5,99,96,789,32,30.5,13.2,-61.83,2017
22,Buffalo Bills,16,302,4842,1010,4.8,16,6,278,289,476,2825,16,10,5.4,149,487,2017,12,4.1,105,98,872,24,31.7,8.9,-156.16,2017
23,Las Vegas Raiders,16,301,5185,952,5.4,28,14,287,347,558,3631,23,14,6.2,178,370,1554,13,4.2,78,114,1009,31,29.2,15.2,-84.71,2017
24,New York Jets,16,298,4884,984,5,24,12,269,323,510,3182,19,12,5.7,157,427,1702,13,4,77,119,1035,35,28.6,11.1,-119.83,2017
25,Arizona Cardinals,16,295,5026,1060,4.7,25,7,310,339,598,3640,21,18,5.6,200,410,1386,6,3.4,66,110,880,44,29.2,12.4,-185.97,2017
26,Cincinnati Bengals,16,290,4488,927,4.8,23,11,267,304,510,3122,25,12,5.7,165,377,1366,6,3.6,72,110,1027,30,26.5,11.4,-108.45,2017
27,Denver Broncos,16,289,5185,1075,4.8,34,12,297,332,566,3333,19,22,5.4,180,457,1852,8,4.1,92,113,885,25,26.4,16.6,-165.14,2017
28,Miami Dolphins,16,281,4923,995,4.9,29,8,284,373,602,3535,24,21,5.6,187,360,1388,4,3.9,66,137,1154,31,25.8,15.3,-156.17,2017
29,Chicago Bears,16,264,4599,934,4.9,22,10,266,291,473,2811,13,12,5.5,144,422,1788,13,4.2,92,115,943,30,24.1,12.1,-115.2,2017
30,Indianapolis Colts,16,263,4553,994,4.6,15,6,267,285,487,2892,13,9,5.3,148,451,1661,11,3.7,94,92,779,25,29.4,8.3,-189.77,2017
31,New York Giants,16,246,5028,1036,4.9,22,8,271,373,608,3479,20,14,5.4,178,394,1549,6,3.9,66,91,895,27,22.7,11.3,-167.56,2017
32,Cleveland Browns,16,234,4942,1008,4.9,41,13,290,312,574,3228,15,28,5.2,157,384,1714,11,4.5,97,110,924,36,22,21,-233.13,2017
1,Atlanta Falcons,16,540,6653,995,6.7,11,4,379,374,537,4725,38,7,8.2,239,421,1928,20,4.6,108,104,848,32,52.6,6.3,212.07,2016
2,New Orleans Saints,16,469,6816,1105,6.2,24,9,395,472,674,5074,38,15,7.2,265,404,1742,17,4.3,105,107,969,25,45.9,12.7,76.86,2016
3,New England Patriots,16,441,6180,1056,5.9,11,9,351,368,550,4308,32,2,7.5,203,482,1872,19,3.9,109,93,819,39,42.9,4.9,113.38,2016
4,Green Bay Packers,16,432,5900,1029,5.7,17,9,349,403,620,4199,40,8,6.4,222,374,1701,11,4.5,91,100,827,36,43.8,9.1,115.16,2016
5,Dallas Cowboys,16,421,6027,1010,6,15,9,358,325,483,3631,25,6,7.1,191,499,2396,24,4.8,142,105,879,25,43.9,8.7,86.3,2016
6,Arizona Cardinals,16,418,5868,1086,5.4,28,11,368,383,646,4136,28,17,6,229,399,1732,20,4.3,97,104,889,42,35,14.2,-25.79,2016
7,Las Vegas Raiders,16,416,5973,1048,5.7,14,7,333,379,596,4051,29,7,6.6,198,434,1922,17,4.4,98,147,1247,37,38.7,7.2,-24.48,2016
8,Indianapolis Colts,16,411,5830,1037,5.6,22,7,351,370,584,4202,32,15,6.7,220,409,1628,13,4,93,103,883,38,40.6,12.2,68.23,2016
9,Los Angeles Chargers,16,410,5708,1014,5.6,35,14,340,349,580,4198,33,21,6.8,214,398,1510,10,3.8,90,107,780,36,38.1,18.2,-29.1,2016
10,Buffalo Bills,16,399,5666,1012,5.6,12,5,328,286,474,3036,17,7,5.8,155,492,2630,29,5.3,146,112,960,27,36.7,6.8,60.85,2016
11,Pittsburgh Steelers,16,399,5962,1026,5.8,18,3,336,381,596,4202,33,15,6.8,210,409,1760,13,4.3,97,112,1068,29,38.5,9.9,-22.48,2016
12,Washington Commanders,16,396,6454,1009,6.4,21,9,345,407,607,4758,25,12,7.6,226,379,1696,17,4.5,89,110,909,30,43.4,11.4,105.24,2016
13,Kansas City Chiefs,16,389,5488,990,5.5,17,9,305,365,546,3740,19,8,6.5,197,412,1748,15,4.2,86,109,848,22,37.1,9,-23.04,2016
14,Tennessee Titans,16,381,5728,1008,5.7,18,7,322,307,504,3541,29,11,6.7,175,476,2187,16,4.6,115,110,1012,32,36.4,9.8,-10,2016
15,Carolina Panthers,16,369,5499,1052,5.2,29,10,318,306,563,3685,21,19,6.2,194,453,1814,16,4,99,98,835,25,34.7,14,-81.23,2016
16,Philadelphia Eagles,16,367,5398,1080,5,20,6,333,380,609,3585,16,14,5.6,192,438,1813,16,4.1,114,113,945,27,37.6,11.2,-45.33,2016
17,Miami Dolphins,16,363,5324,913,5.8,23,8,278,316,477,3500,27,15,6.9,167,406,1824,14,4.5,90,125,1142,21,30.7,11.1,-48.39,2016
18,Seattle Seahawks,16,354,5715,1012,5.6,18,6,313,368,567,4124,23,12,6.8,203,403,1591,13,3.9,85,117,970,25,37.3,9.7,-11.48,2016
19,Tampa Bay Buccaneers,16,354,5542,1066,5.2,27,9,340,355,578,3926,29,18,6.4,220,453,1616,8,3.6,80,109,926,40,32.4,14.8,-33.29,2016
20,Detroit Lions,16,346,5421,981,5.5,15,5,329,388,594,4111,24,10,6.5,217,350,1310,9,3.7,76,100,861,36,41,9,30.86,2016
21,Baltimore Ravens,16,343,5563,1079,5.2,23,7,316,439,679,4100,20,16,5.8,205,367,1463,10,4,79,125,1111,32,35.6,10.5,-86.39,2016
22,Denver Broncos,16,333,5169,1020,5.1,25,14,290,339,570,3685,20,11,6,181,410,1484,11,3.6,76,119,985,33,30.3,11.6,-94.99,2016
23,Minnesota Vikings,16,327,5041,1006,5,16,11,303,414,588,3836,20,5,6.1,209,380,1205,9,3.2,66,103,882,28,32.8,7.5,-60.91,2016
24,Cincinnati Bengals,16,325,5711,1050,5.4,17,9,341,364,563,3942,18,8,6.5,204,446,1769,17,4,100,88,726,37,35.8,8.5,30.41,2016
25,Jacksonville Jaguars,16,318,5359,1052,5.1,29,13,321,369,626,3728,24,16,5.6,207,392,1631,8,4.2,75,129,1187,39,31.4,13.6,-67.5,2016
26,New York Giants,16,310,5291,1018,5.2,27,11,289,377,598,3879,26,16,6.3,190,398,1412,6,3.5,73,88,857,26,27.5,13,-74.19,2016
27,San Francisco 49ers,16,309,4930,996,4.9,25,15,287,287,491,2911,21,10,5.4,152,458,2019,15,4.4,116,99,831,19,27.4,10.7,-75.71,2016
28,Houston Texans,16,279,5035,1071,4.7,24,8,305,347,583,3176,15,16,5.2,173,456,1859,8,4.1,102,87,868,30,31.4,11.4,-102.3,2016
29,Chicago Bears,16,279,5704,967,5.9,31,12,324,347,559,3969,19,19,6.8,212,380,1735,10,4.6,93,110,967,19,27.3,17.4,-70.06,2016
30,New York Jets,16,275,5268,1003,5.3,34,9,291,311,550,3466,16,25,5.9,166,418,1802,10,4.3,97,93,837,28,29.7,17.8,-79.69,2016
31,Cleveland Browns,16,264,4976,983,5.1,25,11,296,338,567,3264,15,14,5.2,181,350,1712,13,4.9,83,95,736,32,27.2,13.3,-72.41,2016
32,Los Angeles Rams,16,224,4203,960,4.4,29,9,245,312,536,2951,14,20,5,151,375,1252,9,3.3,68,126,1091,26,21.8,14.5,-190.35,2016
1,Carolina Panthers,16,500,5871,1060,5.5,19,9,357,300,501,3589,35,10,6.7,197,526,2282,19,4.3,136,103,887,24,42.9,9.6,115.28,2015
2,Arizona Cardinals,16,489,6533,1041,6.3,24,11,373,353,562,4616,35,13,7.8,237,452,1917,16,4.2,92,94,758,44,42.5,11.8,148.43,2015
3,New England Patriots,16,465,5991,1050,5.7,14,7,348,404,629,4587,36,7,6.9,230,383,1404,14,3.7,87,96,860,31,43.2,5.7,138.04,2015
4,Seattle Seahawks,16,423,6058,1035,5.9,16,8,335,333,489,3790,34,8,7.1,190,500,2268,10,4.5,128,117,1007,17,42,8.6,129.31,2015
5,Pittsburgh Steelers,16,423,6327,1011,6.3,28,7,331,391,590,4603,26,21,7.4,207,388,1724,16,4.4,91,94,868,33,40.5,13.7,22.98,2015
6,New York Giants,16,420,5952,1053,5.7,21,7,331,392,623,4343,36,14,6.7,208,403,1609,5,4,77,102,777,46,38.2,11.3,31.24,2015
7,Cincinnati Bengals,16,419,5728,1004,5.7,17,8,324,334,505,3923,31,9,7.3,191,467,1805,18,3.9,99,111,917,34,39.6,9.3,82.59,2015
8,New Orleans Saints,16,408,6461,1096,5.9,20,8,381,460,667,4970,32,12,7.1,247,397,1491,16,3.8,98,130,1112,36,36.3,10.4,146.68,2015
9,Kansas City Chiefs,16,405,5299,955,5.5,15,8,303,310,473,3255,20,7,6.3,155,436,2044,19,4.7,116,104,878,32,37.9,7.1,41.53,2015
10,Washington Commanders,16,388,5661,1011,5.6,22,11,317,386,555,4095,30,11,7,208,429,1566,9,3.7,81,105,828,28,36.1,11.1,54.93,2015
11,New York Jets,16,387,5925,1074,5.5,24,8,329,362,604,4057,33,16,6.5,210,448,1868,11,4.2,99,96,787,20,35.7,11.6,72.26,2015
12,Buffalo Bills,16,379,5775,1016,5.7,19,10,297,295,465,3343,23,9,6.6,155,509,2432,19,4.8,122,143,1249,20,34.9,8.6,37.71,2015
13,Philadelphia Eagles,16,377,5830,1102,5.3,31,13,339,405,623,4087,23,18,6.2,193,442,1743,15,3.9,110,104,819,36,29.1,15.3,1.07,2015
14,Jacksonville Jaguars,16,376,5581,1012,5.5,28,10,313,355,607,4108,35,18,6.2,215,354,1473,5,4.2,69,105,880,29,34.2,14,-28.13,2015
15,Green Bay Packers,16,368,5353,1056,5.1,17,9,317,348,573,3503,31,8,5.7,173,436,1850,8,4.2,100,105,906,44,33.3,8.9,40.61,2015
16,Minnesota Vikings,16,365,5139,973,5.3,17,8,297,294,454,2928,14,9,5.9,153,474,2211,18,4.7,113,88,797,31,38.4,9.3,29.39,2015
17,Las Vegas Raiders,16,359,5336,1008,5.3,24,10,300,373,605,3879,34,14,6.1,193,370,1457,7,3.9,74,139,1102,33,31.8,10.3,4.72,2015
18,Detroit Lions,16,358,5547,1030,5.4,24,10,337,420,632,4212,33,14,6.2,236,354,1335,7,3.8,71,104,930,30,34.6,12.3,31.8,2015
19,Denver Broncos,16,355,5688,1056,5.4,31,8,314,368,606,3970,19,23,6.2,201,411,1718,13,4.2,85,115,1063,28,31.2,15.1,-50.98,2015
20,Tampa Bay Buccaneers,16,342,6014,1017,5.9,28,13,336,312,535,3852,22,15,6.9,201,455,2162,12,4.8,99,143,1195,36,35.8,14.8,40.62,2015
21,Atlanta Falcons,16,339,5985,1073,5.6,30,13,359,410,621,4379,21,17,6.7,230,420,1606,13,3.8,95,100,969,34,34.5,17.2,52.68,2015
22,Houston Texans,16,339,5564,1127,4.9,20,8,335,358,619,3833,29,12,5.9,210,472,1731,7,3.7,90,107,910,35,28.9,9.8,-38.02,2015
23,Chicago Bears,16,335,5514,1025,5.4,21,9,312,334,523,3660,21,12,6.6,177,468,1854,13,4,108,99,909,27,37.4,11.2,8.41,2015
24,Indianapolis Colts,16,333,5142,1052,4.9,30,11,311,355,619,3704,26,19,5.6,195,396,1438,6,3.6,77,108,931,39,29.4,14.4,-51.38,2015
25,Baltimore Ravens,16,328,5749,1083,5.3,28,7,323,426,676,4271,21,21,6.1,211,383,1478,8,3.9,89,122,1153,23,33.3,14,-47.16,2015
26,Los Angeles Chargers,16,320,5949,1100,5.4,24,11,344,442,667,4591,30,13,6.5,230,393,1358,4,3.5,79,117,942,35,33.7,12.4,10.76,2015
27,Miami Dolphins,16,310,5307,977,5.4,19,7,291,365,588,3811,24,12,6,194,344,1496,11,4.3,72,134,1090,25,25.7,9.6,-4.88,2015
28,Tennessee Titans,16,299,4988,976,5.1,33,16,298,342,551,3503,25,17,5.8,195,371,1485,10,4,66,93,779,37,25.7,16.2,-89.79,2015
29,Los Angeles Rams,16,280,4761,920,5.2,22,11,241,273,473,2805,11,11,5.7,126,429,1956,16,4.6,92,122,1057,23,24.5,10.2,-87.66,2015
30,Cleveland Browns,16,278,5311,1042,5.1,30,18,307,371,609,3782,20,12,5.7,192,380,1529,5,4,81,120,1083,34,29.8,15.2,-66.22,2015
31,Dallas Cowboys,16,275,5361,969,5.5,33,11,307,334,528,3471,16,22,6.2,175,408,1890,8,4.6,94,112,882,38,31.4,18,-51.92,2015
32,San Francisco 49ers,16,238,4860,969,5,17,5,261,322,526,3316,16,12,5.7,154,390,1544,7,4,83,113,823,24,25.8,8.2,-46.9,2015
1,Green Bay Packers,16,486,6178,1001,6.2,13,7,356,349,536,4261,38,6,7.5,222,435,1917,14,4.4,104,92,775,30,46.7,7.1,172.28,2014
2,Denver Broncos,16,482,6446,1067,6,20,5,360,399,607,4661,40,15,7.5,227,443,1785,15,4,98,120,1045,35,39.9,9.6,140.4,2014
3,Philadelphia Eagles,16,474,6348,1127,5.6,36,15,356,384,621,4356,27,21,6.7,218,474,1992,16,4.2,109,115,995,29,36.9,17.2,35.17,2014
4,New England Patriots,16,468,5848,1073,5.5,13,4,361,392,609,4121,34,9,6.5,228,438,1727,13,3.9,96,120,1080,37,45.3,7.2,181.12,2014
5,Dallas Cowboys,16,467,6138,1014,6.1,25,14,342,328,476,3784,37,11,7.5,205,508,2354,16,4.6,106,105,839,31,43.6,12.8,174.23,2014
6,Indianapolis Colts,16,458,6506,1105,5.9,31,15,371,410,661,4894,42,16,7.1,251,415,1612,9,3.9,80,105,848,40,39.5,14.6,83.73,2014
7,Pittsburgh Steelers,16,436,6577,1068,6.2,21,11,379,411,612,4825,33,10,7.5,243,423,1752,10,4.1,98,103,834,38,41.4,11.5,156.58,2014
8,Baltimore Ravens,16,409,5838,1021,5.7,20,8,345,344,554,3819,27,12,6.7,194,448,2019,16,4.5,113,111,870,38,39.6,9.9,135.24,2014
9,New Orleans Saints,16,401,6582,1095,6,30,13,395,456,659,4764,33,17,6.9,258,406,1818,16,4.5,101,80,670,36,39.1,16.7,151.45,2014
10,Seattle Seahawks,16,394,6012,1021,5.9,14,7,328,287,454,3250,20,7,6.6,160,525,2762,20,5.3,144,130,1009,24,40.6,6.9,137.18,2014
11,Miami Dolphins,16,388,5601,1040,5.4,23,11,361,394,595,3729,27,12,5.8,226,399,1872,12,4.7,99,81,635,36,37.6,10.5,74.78,2014
12,Atlanta Falcons,16,381,6051,1035,5.8,23,8,330,418,632,4553,28,15,6.9,233,372,1498,11,4,75,97,840,22,38.9,13.1,61.55,2014
13,New York Giants,16,380,5875,1086,5.4,28,14,336,383,607,4272,30,14,6.7,218,449,1603,13,3.6,83,101,896,35,34.7,12.4,40.61,2014
14,Houston Texans,16,372,5513,1062,5.2,22,9,313,295,485,3352,22,13,6.6,171,551,2161,12,3.9,108,94,834,34,33,11.3,13.01,2014
15,Cincinnati Bengals,16,365,5568,1018,5.5,26,9,313,323,503,3421,20,17,6.5,164,492,2147,19,4.4,122,102,812,27,34,13.1,13.84,2014
16,Kansas City Chiefs,16,353,5100,962,5.3,17,11,309,320,493,3182,18,6,5.9,184,420,1918,18,4.6,92,88,681,33,35.8,9.2,52.61,2014
17,Los Angeles Chargers,16,348,5465,1009,5.4,23,5,326,380,574,4098,31,18,6.7,214,398,1367,6,3.4,75,111,967,37,33.9,12.6,64.94,2014
18,Buffalo Bills,16,343,5096,1020,5,23,10,273,363,579,3614,23,13,5.8,186,402,1482,7,3.7,65,124,1031,22,32.5,11.2,-43.33,2014
19,Carolina Panthers,16,339,5547,1060,5.2,23,11,347,327,545,3511,23,12,6,199,473,2036,10,4.3,117,83,756,31,34.8,11.8,44.08,2014
20,Minnesota Vikings,16,325,5048,981,5.1,20,2,288,322,517,3244,17,18,5.7,171,413,1804,12,4.4,90,100,836,27,31.8,10.8,6.55,2014
21,Los Angeles Rams,16,324,5035,957,5.3,27,11,288,327,515,3400,20,16,6,189,395,1635,11,4.1,79,123,1139,20,29.6,14,-44.13,2014
22,Detroit Lions,16,321,5452,1045,5.2,20,8,310,365,604,4030,22,12,6.2,210,396,1422,11,3.6,72,118,989,28,32.4,9.5,50.59,2014
23,Chicago Bears,16,319,5233,1005,5.2,29,10,322,396,609,3792,30,19,5.8,194,355,1441,8,4.1,91,113,997,37,27.8,16.1,-11.8,2014
24,Arizona Cardinals,16,310,5116,993,5.2,17,5,302,320,568,3808,21,12,6.4,191,397,1308,6,3.3,67,91,707,44,30.9,9.4,-9.8,2014
25,San Francisco 49ers,16,306,5239,1009,5.2,22,12,303,292,487,3063,20,10,5.7,165,470,2176,10,4.6,104,116,937,34,30.9,11.8,13.79,2014
26,Washington Commanders,16,301,5738,1006,5.7,31,13,318,364,547,4047,18,18,6.7,186,401,1691,15,4.2,88,120,1130,44,29.7,15.6,14.06,2014
27,Cleveland Browns,16,299,5193,1010,5.1,23,7,294,274,502,3465,12,16,6.5,179,477,1728,17,3.6,88,116,932,27,28,10.9,-21.15,2014
28,New York Jets,16,283,5226,1052,5,24,9,289,287,498,2946,16,15,5.4,154,507,2280,11,4.5,112,109,932,23,31.7,11.8,-44.92,2014
29,Tampa Bay Buccaneers,16,277,4672,936,5,33,13,263,301,531,3297,21,20,5.7,162,353,1375,7,3.9,72,118,939,29,26.7,17.2,-67.27,2014
30,Tennessee Titans,16,254,4859,919,5.3,26,10,258,299,513,3412,20,16,6.1,159,356,1447,6,4.1,75,111,961,24,23.6,12.6,-88.85,2014
31,Las Vegas Raiders,16,253,4515,994,4.5,29,13,248,365,629,3275,22,16,5,173,337,1240,4,3.7,56,116,939,19,22.7,13.6,-139.47,2014
32,Jacksonville Jaguars,16,249,4634,988,4.7,26,8,271,325,557,3001,15,18,4.8,154,360,1633,9,4.5,86,73,573,31,22.6,12.8,-120.53,2014
1,Denver Broncos,16,606,7317,1156,6.3,26,16,435,461,675,5444,55,10,7.8,293,461,1873,16,4.1,107,117,1000,35,47.5,10.4,277.21,2013
2,Chicago Bears,16,445,6109,1013,6,23,10,344,373,579,4281,32,13,7,215,404,1828,13,4.5,102,85,708,27,39,12.1,75.28,2013
3,New England Patriots,16,444,6152,1138,5.4,20,9,378,380,628,4087,25,11,6.1,225,470,2065,19,4.4,110,69,625,43,40.8,10,100.43,2013
4,Philadelphia Eagles,16,442,6676,1054,6.3,19,10,355,310,508,4110,32,9,7.4,197,500,2566,19,5.1,133,95,846,25,36.8,9,134.05,2013
5,Dallas Cowboys,16,439,5458,957,5.7,20,8,325,375,586,3954,33,12,6.4,213,336,1504,12,4.5,80,102,867,32,39.9,9.8,88.89,2013
6,Cincinnati Bengals,16,430,5891,1097,5.4,30,10,330,364,587,4136,33,20,6.7,205,481,1755,14,3.6,101,102,1000,24,32.3,14.9,33.5,2013
7,Kansas City Chiefs,16,430,5396,1029,5.2,18,10,323,333,546,3340,24,8,5.7,179,442,2056,17,4.7,110,101,774,34,32,9.1,38.85,2013
8,Green Bay Packers,16,417,6404,1074,6,25,9,351,366,570,4268,25,16,6.9,201,459,2136,17,4.7,119,86,801,31,40.9,12.4,113.82,2013
9,Seattle Seahawks,16,417,5424,973,5.6,19,10,307,267,420,3236,27,9,7,160,509,2188,14,4.3,116,128,1183,31,40.7,9.3,60.55,2013
10,New Orleans Saints,16,414,6391,1079,5.9,19,7,359,446,651,4918,39,12,7.1,244,391,1473,10,3.8,87,95,817,28,40.3,8.3,169.86,2013
11,San Francisco 49ers,16,406,5180,961,5.4,18,10,286,244,417,2979,21,8,6.5,148,505,2201,18,4.4,115,103,845,23,37.8,9,58.16,2013
12,Los Angeles Chargers,16,396,6293,1060,5.9,21,10,373,378,544,4328,32,11,7.5,230,486,1965,9,4,104,95,765,39,44.9,11.4,186.29,2013
13,Detroit Lions,16,395,6274,1102,5.7,34,15,350,371,634,4482,29,19,6.8,221,445,1792,15,4,106,110,925,23,32.1,17.3,25.59,2013
14,Indianapolis Colts,16,391,5468,1023,5.3,14,4,318,350,582,3725,23,10,6.1,191,409,1743,15,4.3,88,66,576,39,38.8,6.9,98,2013
15,Minnesota Vikings,16,391,5508,1013,5.4,32,13,309,325,546,3427,18,19,5.8,173,423,2081,23,4.9,106,70,695,30,34.4,14.9,24.52,2013
16,Arizona Cardinals,16,379,5542,1037,5.3,31,9,329,363,574,4002,24,22,6.5,205,422,1540,12,3.6,84,96,744,40,33,15.5,-5.74,2013
17,Pittsburgh Steelers,16,379,5400,1023,5.3,24,10,312,377,586,4017,28,14,6.4,207,394,1383,9,3.5,81,80,677,24,35.4,12.7,26.81,2013
18,Carolina Panthers,16,366,5069,999,5.1,19,6,319,292,473,3043,24,13,5.9,169,483,2026,14,4.2,122,80,671,28,36.5,9.4,90.4,2013
19,Tennessee Titans,16,362,5390,1032,5.2,25,9,311,328,533,3496,22,16,6.1,172,462,1894,16,4.1,103,101,900,36,34.2,11.4,46.52,2013
20,Atlanta Falcons,16,353,5490,1024,5.4,28,11,330,445,659,4243,26,17,6,227,321,1247,11,3.9,64,91,788,39,34.1,14.5,48.53,2013
21,Los Angeles Rams,16,348,4877,968,5,21,10,282,301,506,3125,22,11,5.8,165,426,1752,10,4.1,82,123,1009,35,31.5,11.4,-11.2,2013
22,Buffalo Bills,16,339,5410,1116,4.8,27,12,301,299,522,3103,16,15,5.4,149,546,2307,15,4.2,113,110,954,39,29.9,12.1,-59.11,2013
23,Washington Commanders,16,334,5915,1107,5.3,34,15,329,355,611,3751,20,19,5.7,198,453,2164,14,4.8,112,99,802,19,27.6,16.6,-42.64,2013
24,Las Vegas Raiders,16,322,5340,1000,5.3,31,11,275,298,519,3340,17,20,5.9,168,437,2000,16,4.6,90,116,912,17,27.8,14.9,-52.12,2013
25,Baltimore Ravens,16,320,4918,1090,4.5,29,6,295,363,619,3590,19,23,5.4,189,423,1328,7,3.1,68,112,942,38,30.9,13.5,-95.39,2013
26,Miami Dolphins,16,317,5007,1001,5,26,7,278,357,594,3567,24,19,5.5,205,349,1440,8,4.1,61,70,598,12,29.9,13.4,-18.67,2013
27,Cleveland Browns,16,308,5423,1078,5,29,9,301,379,681,4040,26,20,5.5,200,348,1383,4,4,77,104,920,24,26.2,13.8,-83.4,2013
28,New York Giants,16,294,4920,988,5,44,15,280,325,567,3588,18,29,5.9,176,381,1332,11,3.5,77,91,786,27,25.5,20.1,-106.96,2013
29,New York Jets,16,290,5090,1020,5,29,7,280,266,480,2932,13,22,5.6,154,493,2158,12,4.4,105,108,837,21,29.6,14.8,-94.9,2013
30,Tampa Bay Buccaneers,16,288,4432,981,4.5,21,9,269,291,514,2820,22,12,5,157,420,1612,6,3.8,75,121,1136,37,27.1,9.6,-79.47,2013
31,Houston Texans,16,276,5556,1089,5.1,31,9,307,371,633,3813,19,22,5.6,198,414,1743,7,4.2,90,112,1138,19,25.9,14.9,-85.06,2013
32,Jacksonville Jaguars,16,247,4701,1020,4.6,27,6,271,349,592,3441,16,21,5.4,176,378,1260,7,3.3,71,96,797,24,23.6,13.8,-130.11,2013
1,New England Patriots,16,557,6846,1191,5.7,16,7,444,402,641,4662,34,9,7,256,523,2184,25,4.2,151,97,840,37,48.1,8.1,118.97,2012
2,Denver Broncos,16,481,6366,1090,5.8,25,14,380,402,588,4534,37,11,7.4,232,481,1832,12,3.8,112,100,805,36,39.9,12.2,54.27,2012
3,New Orleans Saints,16,461,6574,1067,6.2,24,5,352,423,671,4997,43,19,7.2,267,370,1577,10,4.3,64,104,911,21,37.4,12.1,74.33,2012
4,Washington Commanders,16,436,6131,994,6.2,14,6,341,291,442,3422,24,8,7.2,171,519,2709,22,5.2,144,116,985,26,39.3,7.7,-16.5,2012
5,Green Bay Packers,16,433,5751,1042,5.5,16,8,341,374,558,4049,40,8,6.6,213,433,1702,9,3.9,85,103,923,43,37.6,8.1,25.77,2012
6,New York Giants,16,429,5687,968,5.9,21,6,327,323,539,3825,26,15,6.8,187,409,1862,18,4.6,103,72,578,37,43.8,11.9,-14.71,2012
7,Atlanta Falcons,16,419,5906,1021,5.8,18,4,343,422,615,4509,32,14,7,247,378,1397,12,3.7,70,55,415,26,44,10.3,-18.12,2012
8,Houston Texans,16,416,5953,1090,5.5,17,4,341,354,554,3830,22,13,6.6,205,508,2123,19,4.2,114,108,873,22,35.6,8.4,-20.08,2012
9,Seattle Seahawks,16,412,5610,974,5.8,18,8,311,259,405,3031,27,10,6.9,153,536,2579,16,4.8,129,110,890,29,39.4,10,9.07,2012
10,Baltimore Ravens,16,398,5640,1042,5.4,16,5,314,334,560,3739,22,11,6.3,182,444,1901,17,4.3,98,121,1127,34,35.8,7.8,22.03,2012
11,San Francisco 49ers,16,397,5789,969,6,16,8,322,289,436,3298,23,8,6.9,172,492,2491,17,5.1,128,109,960,22,39.3,7.9,-15.31,2012
12,Cincinnati Bengals,16,391,5323,1016,5.2,26,10,292,335,540,3578,28,16,6.1,173,430,1745,11,4.1,95,99,857,24,35.4,12.8,-90.48,2012
13,Tampa Bay Buccaneers,16,389,5820,1008,5.8,23,6,301,311,566,3983,27,17,6.7,188,416,1837,13,4.4,89,101,819,24,35.2,10.9,-32.9,2012
14,Minnesota Vikings,16,379,5385,1001,5.4,23,11,306,300,483,2751,18,12,5.3,163,486,2634,16,5.4,113,90,830,30,37.9,12.6,-59.9,2012
15,Dallas Cowboys,16,376,5994,1049,5.7,29,10,338,434,658,4729,29,19,6.8,237,355,1265,8,3.6,76,117,853,25,36.7,15,-39.11,2012
16,Chicago Bears,16,375,4969,999,5,24,8,292,287,485,2999,21,16,5.7,163,470,1970,11,4.2,99,102,811,30,30.3,11.8,-115.17,2012
17,Detroit Lions,16,372,6540,1160,5.6,33,16,382,445,740,4927,22,17,6.4,272,391,1613,17,4.1,84,103,944,26,36,15.2,-59.66,2012
18,Carolina Panthers,16,357,5771,988,5.8,22,10,328,284,490,3683,19,12,7,171,462,2088,21,4.5,123,98,835,34,32.6,10.3,2.08,2012
19,Indianapolis Colts,16,357,5799,1109,5.2,27,9,360,339,628,4128,23,18,6.2,208,440,1671,11,3.8,110,94,801,42,33.3,13.9,-73.11,2012
20,Los Angeles Chargers,16,350,4756,988,4.8,26,11,293,338,528,3295,26,15,5.7,184,411,1461,4,3.6,81,103,796,28,30.6,13.9,-125.47,2012
21,Buffalo Bills,16,344,5486,983,5.6,34,17,301,309,511,3269,24,17,6,176,442,2217,12,5,103,104,871,22,30,17.4,-100.38,2012
22,Pittsburgh Steelers,16,336,5324,1023,5.2,30,16,307,354,574,3787,27,14,6.2,202,412,1537,8,3.7,80,92,938,25,33.9,15.6,-108.05,2012
23,Tennessee Titans,16,330,5010,957,5.2,28,12,260,318,540,3323,17,16,5.7,166,378,1687,10,4.5,70,106,847,24,27.7,14.9,-109.54,2012
24,Cleveland Browns,16,302,5028,998,5,26,8,279,328,566,3435,16,18,5.7,185,396,1593,12,4,71,113,1005,23,29.8,12,-139.68,2012
25,Los Angeles Rams,16,299,5264,1002,5.3,22,8,287,332,557,3550,22,14,6,189,410,1714,5,4.2,79,130,978,19,27.5,11,-136.28,2012
26,Las Vegas Raiders,16,290,5504,1032,5.3,26,10,300,376,629,4084,24,16,6.2,200,376,1420,4,3.8,72,108,939,28,31.4,12.8,-118.39,2012
27,Miami Dolphins,16,288,4984,981,5.1,26,13,288,293,504,3182,13,13,5.9,158,440,1802,15,4.1,93,82,724,37,27.4,12.9,-88.66,2012
28,New York Jets,16,281,4787,1034,4.6,37,18,299,272,493,2891,14,19,5.4,162,494,1896,12,3.8,102,83,708,35,24.2,17.5,-166.55,2012
29,Philadelphia Eagles,16,280,5665,1079,5.3,37,22,332,367,618,3791,18,15,5.7,190,413,1874,10,4.5,111,98,813,31,29.9,17.9,-174.47,2012
30,Jacksonville Jaguars,16,255,4788,994,4.8,26,9,269,328,586,3419,20,17,5.4,157,358,1369,5,3.8,76,101,955,36,25.5,12.8,-192.09,2012
31,Arizona Cardinals,16,250,4209,1018,4.1,34,13,246,337,608,3005,11,21,4.5,168,352,1204,10,3.4,58,102,857,20,22,14.8,-297.04,2012
32,Kansas City Chiefs,16,211,5108,1015,5,37,17,286,273,475,2713,8,20,5.3,144,500,2395,9,4.8,118,92,733,24,24.2,18.8,-203.56,2012
1,Green Bay Packers,16,560,6482,988,6.6,14,6,353,376,552,4924,51,8,8.3,230,395,1558,12,3.9,89,76,591,34,48.3,6.1,92.5,2011
2,New Orleans Saints,16,547,7474,1117,6.7,19,5,416,472,662,5347,46,14,7.8,280,431,2127,16,4.9,116,99,851,20,51.4,10.9,165.64,2011
3,New England Patriots,16,513,6848,1082,6.3,17,5,399,402,612,5084,39,12,7.9,262,438,1764,18,4,107,87,815,30,47.2,8.3,99.08,2011
4,Detroit Lions,16,474,6337,1058,6,23,7,349,423,666,4814,41,16,6.9,244,356,1523,9,4.3,71,128,1075,34,37.6,10.7,33.96,2011
5,Carolina Panthers,16,406,6237,999,6.2,23,6,345,312,519,3829,21,17,6.9,175,445,2408,26,5.4,139,113,1013,31,38.5,12.8,39.94,2011
6,Los Angeles Chargers,16,406,6290,1048,6,28,8,359,366,582,4426,27,20,7.2,234,436,1864,16,4.3,97,91,753,28,41.3,16.3,-30.34,2011
7,Atlanta Falcons,16,402,6026,1073,5.6,21,8,349,365,594,4192,29,13,6.8,215,453,1834,14,4,100,93,769,34,37.4,10.7,-22.37,2011
8,Philadelphia Eagles,16,396,6386,1036,6.2,38,13,356,330,554,4110,22,25,7,197,450,2276,20,5.1,134,107,853,25,34.7,17.9,-37.96,2011
9,New York Giants,16,394,6161,1028,6,24,8,331,359,589,4734,29,16,7.7,216,411,1427,17,3.5,84,94,795,31,32.5,11.5,-45.79,2011
10,Houston Texans,16,381,5954,1046,5.7,20,11,321,288,467,3506,20,9,7,176,546,2448,18,4.5,131,99,852,14,37.2,10.5,-63.12,2011
11,San Francisco 49ers,16,380,4974,993,5,10,5,282,277,451,2930,18,5,5.9,150,498,2044,14,4.1,101,113,1014,31,39.6,5.2,-152.56,2011
12,Baltimore Ravens,16,378,5419,1036,5.2,24,12,312,314,544,3423,21,12,5.9,181,459,1996,15,4.3,98,92,742,33,35.5,11.8,-72.94,2011
13,New York Jets,16,377,4989,1030,4.8,34,16,301,310,547,3297,26,18,5.6,173,443,1692,14,3.8,92,102,849,36,29.6,13.8,-156.9,2011
14,Buffalo Bills,16,372,5624,992,5.7,30,5,313,356,578,3703,24,25,6.2,180,391,1921,12,4.9,100,86,743,33,31.2,15.9,-104.05,2011
15,Dallas Cowboys,16,369,6008,1017,5.9,21,9,327,376,570,4201,33,12,6.9,219,408,1807,5,4.4,91,114,816,17,37.8,11.4,-45.46,2011
16,Las Vegas Raiders,16,359,6072,1015,6,30,7,328,315,524,3962,20,23,7.2,186,466,2110,16,4.5,110,163,1358,32,34.7,15.5,-151.03,2011
17,Chicago Bears,16,353,5026,978,5.1,29,9,271,268,473,3011,18,20,5.8,153,456,2015,10,4.4,97,104,800,21,28.6,14.6,-192.92,2011
18,Cincinnati Bengals,16,344,5118,1015,5,22,8,285,308,535,3340,21,14,6,160,455,1778,10,3.9,93,99,874,32,32.5,9.6,-104.83,2011
19,Minnesota Vikings,16,340,5275,1007,5.2,26,9,297,286,510,2957,20,17,5.3,159,448,2318,18,5.2,118,109,908,20,31.7,13.2,-77.5,2011
20,Miami Dolphins,16,329,5078,990,5.1,25,12,287,280,469,3091,20,13,5.9,166,469,1987,11,4.2,89,85,779,32,32.8,12.8,-126.5,2011
21,Tennessee Titans,16,325,5361,984,5.4,22,8,281,353,584,3923,22,14,6.5,185,376,1438,8,3.8,71,104,960,25,31.4,11.7,-77.3,2011
22,Pittsburgh Steelers,16,325,5957,1015,5.9,28,13,341,341,539,4054,21,15,7,221,434,1903,13,4.4,96,101,854,24,33.9,16.7,-91.67,2011
23,Seattle Seahawks,16,321,4861,1003,4.8,23,9,265,299,509,3105,15,14,5.6,153,444,1756,15,4,89,138,1047,23,27.8,11.6,-137.47,2011
24,Arizona Cardinals,16,312,5192,993,5.2,32,9,286,307,550,3567,21,23,5.9,175,389,1625,12,4.2,83,106,1004,28,26.1,15.6,-98.26,2011
25,Denver Broncos,16,309,5066,1017,5,30,17,286,217,429,2434,20,13,5.2,130,546,2632,11,4.8,129,101,843,27,24.5,14.2,-154.77,2011
26,Washington Commanders,16,288,5387,1032,5.2,35,11,312,346,591,3773,19,24,6,204,400,1614,8,4,79,91,897,29,30.9,18.6,-194.94,2011
27,Tampa Bay Buccaneers,16,287,5108,966,5.3,40,16,277,365,588,3650,17,24,5.9,180,346,1458,9,4.2,74,123,1007,23,28.7,20.4,-185.87,2011
28,Jacksonville Jaguars,16,243,4149,1002,4.1,23,8,251,240,469,2179,12,15,4.2,122,489,1970,9,4,103,77,680,26,22.7,11.3,-229.23,2011
29,Indianapolis Colts,16,243,4589,951,4.8,29,15,258,302,534,2995,14,14,5.3,170,382,1594,8,4.2,69,76,549,19,24.2,15.6,-156.99,2011
30,Cleveland Browns,16,218,4621,1024,4.5,19,6,278,320,570,3090,16,13,5.1,173,415,1531,4,3.7,77,95,847,28,24.4,10,-180.18,2011
31,Kansas City Chiefs,16,212,4973,1021,4.9,28,10,277,299,500,3080,13,18,5.8,163,487,1893,5,3.9,89,110,916,25,22.2,12.7,-185.47,2011
32,Los Angeles Rams,16,193,4537,1013,4.5,23,13,267,292,549,2870,9,10,4.8,159,409,1667,7,4.1,79,112,899,29,18.9,11.2,-237.06,2011
1,New England Patriots,16,518,5820,986,5.9,10,5,335,331,507,3847,37,5,7.2,196,454,1973,19,4.3,119,83,766,20,47,5.4,73.64,2010
2,Los Angeles Chargers,16,441,6329,1039,6.1,29,16,357,359,544,4519,30,13,7.8,236,457,1810,18,4,94,84,677,27,40.3,14.5,27.47,2010
3,Philadelphia Eagles,16,439,6230,1038,6,25,12,322,348,561,3906,28,13,6.4,189,428,2324,18,5.4,116,129,1101,17,39.8,11.7,-11,2010
4,Indianapolis Colts,16,435,6092,1088,5.6,25,8,366,450,679,4609,33,17,6.6,253,393,1483,13,3.8,87,79,709,26,40.2,13.4,28.65,2010
5,Atlanta Falcons,16,414,5458,1097,5,17,8,353,361,577,3567,28,9,5.9,200,497,1891,14,3.8,111,58,598,42,39.3,9,-39.55,2010
6,Las Vegas Raiders,16,410,5674,1039,5.5,26,10,306,279,491,3180,18,16,5.9,159,504,2494,19,4.9,113,148,1276,34,34.5,11.8,-110.8,2010
7,Dallas Cowboys,16,394,5828,1035,5.6,30,11,327,379,576,4042,29,19,6.7,201,428,1786,10,4.2,104,109,863,22,34.6,14.8,-108.16,2010
8,New York Giants,16,394,6085,1035,5.9,42,17,331,339,539,3885,31,25,7,192,480,2200,17,4.6,112,92,777,27,32.4,20.3,-49.21,2010
9,Houston Texans,16,390,6186,1029,6,18,6,360,365,574,4144,24,12,6.8,222,423,2042,20,4.8,118,90,690,20,39.7,10.1,53.17,2010
10,Green Bay Packers,16,388,5730,1000,5.7,22,9,312,352,541,4124,31,13,7.1,204,421,1606,11,3.8,88,78,617,20,35,10.9,-45.71,2010
11,New Orleans Saints,16,384,5960,1067,5.6,31,9,351,450,661,4441,33,22,6.5,236,380,1519,9,4,94,90,884,21,38.5,16.7,-53.15,2010
12,Pittsburgh Steelers,16,375,5525,993,5.6,18,9,295,298,479,3601,22,9,6.9,175,471,1924,15,4.1,106,100,903,14,36.9,9.5,-133.72,2010
13,New York Jets,16,367,5616,1087,5.2,21,7,307,288,525,3242,20,14,5.9,171,534,2374,14,4.4,118,103,934,18,32.2,10.6,-122.93,2010
14,Kansas City Chiefs,16,366,5595,1063,5.3,14,6,319,274,475,2968,27,8,5.9,167,556,2627,13,4.7,129,90,771,23,31.3,6.8,-93.85,2010
15,Detroit Lions,16,362,5423,1064,5.1,25,9,304,383,633,3810,26,16,5.8,199,404,1613,11,4,83,136,1018,22,32.1,12.4,-105.43,2010
16,Baltimore Ravens,16,357,5166,1018,5.1,20,10,303,308,491,3335,25,10,6.3,175,487,1831,11,3.8,97,90,673,31,32.8,9.5,-79.88,2010
17,Tennessee Titans,16,356,4834,907,5.3,29,14,252,273,474,3107,24,15,6.2,155,406,1727,13,4.3,73,128,1040,24,33.2,14.7,-71.69,2010
18,Jacksonville Jaguars,16,353,5460,1019,5.4,33,12,330,291,469,3065,26,21,6,161,512,2395,14,4.7,148,83,675,21,35,16.9,-35.27,2010
19,Denver Broncos,16,344,5582,1018,5.5,27,15,309,334,580,4038,25,12,6.5,204,398,1544,13,3.9,81,98,944,24,30.6,11.7,-125.44,2010
20,Tampa Bay Buccaneers,16,341,5362,955,5.6,19,13,288,306,494,3361,26,6,6.4,172,431,2001,9,4.6,97,100,837,19,33.7,9.3,-94.23,2010
21,Chicago Bears,16,334,4631,936,4.9,31,10,263,276,466,3015,23,21,5.8,163,414,1616,10,3.9,76,91,768,24,29.3,15.7,-227.26,2010
22,Cincinnati Bengals,16,322,5289,1046,5.1,34,14,317,365,590,3767,26,20,6.1,206,428,1522,8,3.6,85,90,725,26,30.5,16.3,-148.58,2010
23,Seattle Seahawks,16,310,4765,964,4.9,31,11,260,324,544,3341,14,20,5.8,159,385,1424,13,3.7,81,101,890,20,26.5,14.8,-197.05,2010
24,San Francisco 49ers,16,305,5013,945,5.3,23,8,251,282,500,3356,19,15,6.2,149,401,1657,10,4.1,85,112,933,17,26.8,11.1,-95.38,2010
25,Washington Commanders,16,302,5374,1002,5.4,31,12,295,349,605,3913,21,19,6,194,351,1461,9,4.2,72,90,647,29,26.3,14.6,-134.87,2010
26,Los Angeles Rams,16,289,4846,1053,4.6,21,6,292,354,590,3268,18,15,5.2,179,429,1578,9,3.7,84,102,877,29,30.2,9.5,-203.89,2010
27,Arizona Cardinals,16,289,4309,931,4.6,35,16,241,285,561,2921,10,19,4.8,154,320,1388,9,4.3,67,108,870,20,23.7,15.8,-215.39,2010
28,Buffalo Bills,16,283,4878,954,5.1,39,18,263,296,519,3158,24,21,5.7,166,401,1720,6,4.3,82,82,633,15,25.3,19.2,-174.07,2010
29,Minnesota Vikings,16,281,5039,982,5.1,37,11,289,305,505,3097,14,26,5.7,159,441,1942,16,4.4,104,100,769,26,24.9,19,-126.19,2010
30,Miami Dolphins,16,273,5170,1040,5,31,10,300,335,557,3527,17,21,5.9,189,445,1643,8,3.7,91,72,595,20,29.7,15.7,-174.02,2010
31,Cleveland Browns,16,271,4635,927,5,29,11,265,296,478,2989,13,18,5.8,154,413,1646,13,4,87,78,675,24,27.7,15.8,-169.65,2010
32,Carolina Panthers,16,196,4135,962,4.3,37,16,225,256,484,2289,9,21,4.3,125,428,1846,7,4.3,78,106,918,22,20.8,17.8,-280.1,2010
1,New Orleans Saints,16,510,6461,1032,6.3,28,16,348,378,544,4355,34,12,7.7,215,468,2106,21,4.5,115,89,787,18,41.6,13.5,60.76,2009
2,Minnesota Vikings,16,470,6074,1054,5.8,18,11,343,377,553,4156,34,7,7.1,220,467,1918,19,4.1,99,101,757,24,42,9,7.01,2009
3,Green Bay Packers,16,461,6065,1042,5.8,16,8,335,357,553,4180,30,8,6.9,201,438,1885,20,4.3,102,118,1057,32,40.3,7.9,72.34,2009
4,Los Angeles Chargers,16,454,5761,972,5.9,17,7,330,338,519,4338,29,10,8,222,427,1423,17,3.3,80,78,570,28,45.9,9.4,-11.67,2009
5,Philadelphia Eagles,16,429,5726,975,5.9,23,10,290,335,553,4089,27,13,6.9,182,384,1637,14,4.3,87,115,951,21,38,10.4,-49.4,2009
6,New England Patriots,16,427,6357,1076,5.9,22,9,373,390,592,4436,28,13,7.3,222,466,1921,19,4.1,114,81,743,37,41,12.4,22.9,2009
7,Indianapolis Colts,16,416,5809,980,5.9,24,5,339,402,601,4515,34,19,7.4,241,366,1294,16,3.5,69,74,546,29,37.9,13.2,43.68,2009
8,New York Giants,16,402,5856,1017,5.8,31,17,323,338,542,4019,28,14,7,194,443,1837,14,4.1,103,95,802,26,37.7,15.3,-34.71,2009
9,Baltimore Ravens,16,391,5619,1014,5.5,22,9,320,321,510,3419,21,13,6.3,187,468,2200,22,4.7,115,115,1094,18,35,10.9,-66.23,2009
10,Houston Texans,16,388,6129,1043,5.9,28,11,340,399,593,4654,29,17,7.5,231,425,1475,13,3.5,93,95,833,16,33.7,15,-28.67,2009
11,Arizona Cardinals,16,375,5510,985,5.6,36,18,317,392,594,4016,27,18,6.5,215,365,1494,16,4.1,77,108,886,25,30.7,17.1,-116,2009
12,Pittsburgh Steelers,16,368,5941,1014,5.9,25,11,331,351,536,4148,28,14,7.1,210,428,1793,10,4.2,96,85,769,25,35.5,12.6,-69.44,2009
13,Atlanta Falcons,16,363,5447,1048,5.2,25,8,330,332,570,3571,26,17,6,192,451,1876,15,4.2,105,78,664,33,35.3,13.5,-77.35,2009
14,Dallas Cowboys,16,361,6390,1020,6.3,19,10,335,347,550,4287,26,9,7.3,203,436,2103,14,4.8,110,115,892,22,33.5,9.5,-32.87,2009
15,Miami Dolphins,16,360,5401,1088,5,29,10,333,331,545,3170,15,19,5.5,188,509,2231,22,4.4,129,78,640,16,34.3,15.5,-80.15,2009
16,Tennessee Titans,16,354,5623,990,5.7,31,16,288,271,476,3031,16,15,6.2,154,499,2592,19,5.2,115,98,821,19,33.2,15,-113.09,2009
17,New York Jets,16,348,5136,1030,5,30,9,280,210,393,2380,12,21,5.6,131,607,2756,21,4.5,132,88,677,17,31.8,15.2,-176.01,2009
18,San Francisco 49ers,16,330,4652,939,5,24,10,238,312,528,3052,23,14,5.4,137,371,1600,12,4.3,77,98,758,24,27.6,10.2,-137.18,2009
19,Chicago Bears,16,327,4965,971,5.1,34,7,262,340,563,3473,27,27,5.8,170,373,1492,6,4,71,100,836,21,29.5,16.6,-206.86,2009
20,Denver Broncos,16,326,5463,1032,5.3,23,10,306,341,558,3627,21,13,6.1,186,440,1836,9,4.2,95,93,800,25,31.7,11.6,-111.32,2009
21,Carolina Panthers,16,315,5297,1023,5.2,31,11,289,264,465,2799,16,20,5.6,152,525,2498,18,4.8,123,88,698,14,29,15,-123.58,2009
22,Cincinnati Bengals,16,305,4946,1011,4.9,25,12,295,286,477,2890,21,13,5.7,159,505,2056,9,4.1,109,114,863,27,29.9,13,-130.3,2009
23,Kansas City Chiefs,16,294,4851,1019,4.8,27,10,256,296,536,2922,18,17,5,139,438,1929,8,4.4,91,84,667,26,25.2,12.4,-192.81,2009
24,Jacksonville Jaguars,16,290,5385,1010,5.3,23,13,300,315,519,3356,15,10,6,170,447,2029,19,4.5,114,70,542,16,29.5,12.5,-95.89,2009
25,Seattle Seahawks,16,280,5069,1045,4.9,31,12,297,372,609,3503,20,19,5.4,184,395,1566,7,4,80,95,840,33,26.3,15.5,-169.53,2009
26,Washington Commanders,16,266,5000,970,5.2,28,12,280,340,533,3490,21,16,6,191,391,1510,8,3.9,72,85,679,17,29.7,13.4,-155.59,2009
27,Detroit Lions,16,262,4784,1037,4.6,41,9,281,316,585,3168,16,32,5,168,409,1616,9,4,82,98,768,31,23.7,20.1,-196.67,2009
28,Buffalo Bills,16,258,4382,911,4.8,30,11,233,256,441,2515,17,19,5.2,126,424,1867,6,4.4,81,107,855,26,27.1,13.8,-206.59,2009
29,Cleveland Browns,16,245,4163,971,4.3,31,13,237,219,443,2076,11,18,4.4,118,498,2087,10,4.2,102,77,678,17,23.3,16.4,-207.34,2009
30,Tampa Bay Buccaneers,16,244,4600,961,4.8,34,5,246,279,524,2973,18,29,5.3,148,404,1627,5,4,80,93,696,18,20.1,17.5,-226.98,2009
31,Las Vegas Raiders,16,197,4258,944,4.5,33,15,234,255,485,2557,10,18,4.8,131,410,1701,7,4.1,81,117,920,22,22.2,16.5,-296.58,2009
32,Los Angeles Rams,16,175,4470,998,4.5,33,12,259,312,543,2686,12,21,4.6,159,411,1784,4,4.3,79,100,834,21,19.3,16.6,-246.26,2009
1,New Orleans Saints,16,463,6571,1047,6.3,26,8,354,413,636,4977,34,18,7.7,232,398,1594,20,4,103,86,797,19,42.7,14,51.85,2008
2,Los Angeles Chargers,16,439,5584,924,6,20,9,301,312,478,3858,34,11,7.7,191,421,1726,13,4.1,92,95,748,18,43.5,10.6,37.86,2008
3,New York Giants,16,427,5695,1021,5.6,13,3,338,298,491,3177,23,10,6.1,176,502,2518,19,5,130,102,821,32,43.8,7.3,-47.01,2008
4,Arizona Cardinals,16,427,5852,998,5.9,30,15,328,418,630,4674,31,15,7.1,231,340,1178,14,3.5,72,107,781,25,39.3,15.7,-42.91,2008
5,Green Bay Packers,16,419,5618,1012,5.6,21,8,299,343,541,3813,28,13,6.6,182,437,1805,11,4.1,99,110,984,18,36.9,11.2,-12.53,2008
6,Philadelphia Eagles,16,416,5608,1056,5.3,26,10,318,362,606,3911,23,16,6.2,204,427,1697,15,4,94,74,635,20,35.5,11.5,-106.76,2008
7,Carolina Panthers,16,414,5595,938,6,19,7,287,246,414,3158,15,12,7.3,152,504,2437,30,4.8,118,94,637,17,38,9.9,-47.15,2008
8,New England Patriots,16,410,5847,1095,5.3,21,10,356,339,534,3569,21,11,6.1,186,513,2278,21,4.4,145,57,501,25,44.8,11.5,-13.1,2008
9,New York Jets,16,405,5307,981,5.4,31,8,308,347,529,3303,22,23,5.9,186,422,2004,20,4.7,94,77,569,28,37.3,16.9,-71.83,2008
10,Atlanta Falcons,16,391,5779,1011,5.7,21,10,313,265,434,3336,16,11,7.4,157,560,2443,23,4.4,131,71,591,25,39.7,10.3,-18.27,2008
11,Baltimore Ravens,16,385,5184,1058,4.9,21,9,300,261,433,2808,16,12,6,147,592,2376,20,4,132,103,785,21,33,10.8,-196.15,2008
12,Minnesota Vikings,16,379,5288,1014,5.2,31,14,292,267,452,2956,22,17,6,150,519,2332,15,4.5,119,90,692,23,34.7,14.7,-102.8,2008
13,Indianapolis Colts,16,377,5368,969,5.5,17,5,321,393,585,4094,27,12,6.8,220,370,1274,13,3.4,80,86,619,21,40.7,10,13.94,2008
14,Chicago Bears,16,375,4734,991,4.8,27,13,264,304,528,3061,20,14,5.5,153,434,1673,15,3.9,98,78,610,13,30.5,11.3,-165.89,2008
15,Tennessee Titans,16,375,5018,973,5.2,17,8,268,265,453,2819,13,9,6.1,143,508,2199,24,4.3,108,108,855,17,34.6,8.9,-76.91,2008
16,Denver Broncos,16,370,6333,1019,6.2,30,12,354,386,620,4471,25,18,7.1,223,387,1862,15,4.8,103,77,739,28,38.9,17.4,40.33,2008
17,Houston Texans,16,366,6113,1019,6,32,12,340,367,555,4267,21,20,7.3,210,432,1846,16,4.3,106,80,664,24,38.2,17.3,-76.35,2008
18,Dallas Cowboys,16,362,5512,979,5.6,33,13,291,328,547,3789,29,20,6.6,171,401,1723,12,4.3,102,120,957,18,32.1,16.3,-88.66,2008
19,Tampa Bay Buccaneers,16,361,5456,1045,5.2,26,13,298,355,562,3619,18,13,6.1,184,451,1837,13,4.1,100,95,834,14,33.3,12.7,-192.43,2008
20,Pittsburgh Steelers,16,347,4991,1015,4.9,25,10,290,303,506,3301,19,15,5.9,179,460,1690,16,3.7,93,95,812,18,32.6,12.6,-199.86,2008
21,Miami Dolphins,16,345,5529,965,5.7,13,6,308,330,491,3632,20,7,7,184,448,1897,18,4.2,111,81,669,13,33.9,6.9,-94.02,2008
22,San Francisco 49ers,16,339,4978,961,5.2,35,16,287,309,509,3379,21,19,6,176,397,1599,10,4,83,98,732,28,33,18.4,-133.8,2008
23,Buffalo Bills,16,336,4882,956,5.1,30,15,287,309,479,3040,14,15,5.9,167,439,1842,16,4.2,107,71,538,13,34.1,16.5,-177.66,2008
24,Jacksonville Jaguars,16,302,5106,1005,5.1,24,11,312,335,537,3332,15,13,5.8,183,426,1774,17,4.2,107,104,813,22,29.7,12.8,-75.31,2008
25,Seattle Seahawks,16,294,4385,927,4.7,27,12,265,262,474,2617,18,15,5.1,142,417,1768,10,4.2,104,79,601,19,29.5,13.6,-125.55,2008
26,Kansas City Chiefs,16,291,4939,957,5.2,24,8,273,310,541,3129,23,16,5.4,161,379,1810,9,4.8,94,78,645,18,27,12.4,-123.89,2008
27,Detroit Lions,16,268,4292,913,4.7,29,10,234,281,509,2960,18,19,5.3,143,352,1332,10,3.8,70,88,729,21,26.2,15,-180.57,2008
28,Washington Commanders,16,265,5120,1026,5,18,12,295,318,510,3025,14,6,5.5,165,478,2095,12,4.4,109,83,644,21,29.2,9.6,-173.59,2008
29,Las Vegas Raiders,16,263,4356,919,4.7,23,12,225,222,421,2369,13,11,5.2,123,459,1987,9,4.3,87,109,823,15,24.6,11.8,-231.49,2008
30,Los Angeles Rams,16,232,4596,982,4.7,31,12,249,292,520,2947,11,19,5.2,140,417,1649,8,4,95,97,718,14,26.3,16.3,-238.05,2008
31,Cleveland Browns,16,232,3985,921,4.3,26,6,233,238,488,2380,11,20,4.6,127,409,1605,6,3.9,84,100,669,22,27.3,14.5,-217.96,2008
32,Cincinnati Bengals,16,204,3926,984,4,26,11,245,303,513,2406,11,15,4.3,145,420,1520,6,3.6,80,75,591,20,21,13.4,-273.1,2008
1,New England Patriots,16,589,6580,1058,6.2,15,6,393,403,586,4731,50,9,7.8,243,451,1849,17,4.1,124,78,690,26,52.7,7.8,133.73,2007
2,Dallas Cowboys,16,455,5851,975,6,24,5,322,342,531,4105,36,19,7.4,217,419,1746,14,4.2,83,104,815,22,41.8,12.6,19.43,2007
3,Indianapolis Colts,16,450,5739,1020,5.6,19,5,357,355,551,4033,32,14,7,212,446,1706,19,3.8,119,67,515,26,44.6,11.4,52.46,2007
4,Green Bay Packers,16,435,5931,985,6,24,9,307,383,578,4334,30,15,7.3,210,388,1597,13,4.1,69,113,1006,28,38.9,12.1,-41.4,2007
5,Los Angeles Chargers,16,412,5044,980,5.1,24,8,278,281,471,3005,22,16,6.1,158,485,2039,19,4.2,104,94,761,16,34,12.6,-114.6,2007
6,Jacksonville Jaguars,16,411,5719,1022,5.6,21,13,328,288,469,3328,28,8,6.7,180,522,2391,18,4.6,127,76,594,21,39.6,10.1,-1.73,2007
7,Arizona Cardinals,16,404,5505,1016,5.4,36,12,308,356,590,4065,32,24,6.6,210,402,1440,9,3.6,70,137,1128,28,32,18.3,-176.41,2007
8,Cleveland Browns,16,402,5621,1004,5.6,29,9,315,305,545,3726,29,20,6.6,192,440,1895,13,4.3,110,114,868,13,35.4,14.6,-120.58,2007
9,Pittsburgh Steelers,16,393,5239,1000,5.2,22,8,298,282,442,3071,34,14,6.3,179,511,2168,9,4.2,108,80,651,11,37.7,11.4,-18.96,2007
10,Seattle Seahawks,16,393,5583,1056,5.3,24,11,323,371,590,3964,30,13,6.3,211,430,1619,9,3.8,93,59,428,19,33.2,11.4,-107.06,2007
11,Cincinnati Bengals,16,380,5568,1008,5.5,30,10,320,373,575,4012,26,20,6.8,213,416,1556,10,3.7,81,90,670,26,37.9,15.3,-57.26,2007
12,Houston Texans,16,379,5337,968,5.5,38,17,295,346,529,3751,24,21,6.8,190,417,1586,12,3.8,96,82,636,9,35.5,20.9,-86.53,2007
13,New Orleans Saints,16,379,5780,1060,5.5,30,12,346,440,652,4314,28,18,6.5,232,392,1466,14,3.7,94,68,581,20,31.7,16.1,-50.3,2007
14,New York Giants,16,373,5302,1041,5.1,34,14,321,302,544,3154,23,20,5.5,167,469,2148,15,4.6,119,77,652,35,32.3,17.5,-163.79,2007
15,Minnesota Vikings,16,365,5379,964,5.6,30,16,294,249,432,2745,12,14,5.8,139,494,2634,22,5.3,131,86,662,24,28.4,15.3,-52.29,2007
16,Detroit Lions,16,346,5166,965,5.4,36,14,303,368,587,3878,19,22,6,203,324,1288,13,4,73,100,676,27,32.3,18.5,-124.39,2007
17,Philadelphia Eagles,16,336,5729,1047,5.5,27,12,323,350,577,3755,24,15,6,186,421,1974,12,4.7,118,83,649,19,34.1,13.2,-37.49,2007
18,Washington Commanders,16,334,5334,1052,5.1,29,18,307,319,525,3463,18,11,6.3,192,498,1871,15,3.8,103,90,751,12,32.1,15,-198.87,2007
19,Tampa Bay Buccaneers,16,334,5229,975,5.4,20,12,281,316,490,3357,18,8,6.4,162,449,1872,15,4.2,98,81,614,21,33,9.7,-156.35,2007
20,Chicago Bears,16,334,4692,1035,4.5,34,13,266,327,569,3362,18,21,5.5,168,423,1330,8,3.1,74,111,839,24,27.8,15.1,-194.23,2007
21,Denver Broncos,16,320,5541,976,5.7,29,14,305,326,515,3584,21,15,6.6,187,429,1957,10,4.6,96,90,610,22,32.8,14.7,-72.86,2007
22,Tennessee Titans,16,301,4987,1037,4.8,34,17,306,288,464,2878,9,17,5.8,171,543,2109,17,3.9,118,101,773,17,32.3,16.9,-172.57,2007
23,Las Vegas Raiders,16,283,4717,1000,4.7,37,17,267,260,451,2631,17,20,5.3,133,508,2086,11,4.1,111,120,864,23,26.7,17.3,-187.89,2007
24,Baltimore Ravens,16,275,4832,1042,4.6,40,26,291,341,557,3035,13,14,5.1,175,446,1797,11,4,96,107,873,20,27.4,18.3,-231.17,2007
25,New York Jets,16,268,4715,1011,4.7,25,6,286,310,512,3014,15,19,5.3,173,446,1701,6,3.8,92,63,486,21,29.2,14,-172.29,2007
26,Miami Dolphins,16,267,4600,989,4.7,29,13,283,318,558,3031,12,16,5.1,162,389,1569,14,4,107,91,732,14,26.9,16,-153.67,2007
27,Carolina Panthers,16,267,4559,989,4.6,29,12,255,285,505,2735,19,17,5.1,142,451,1824,7,4,85,95,801,28,26.5,13.8,-173.41,2007
28,Los Angeles Rams,16,263,4760,1026,4.6,37,9,281,333,574,3233,19,28,5.2,193,404,1527,5,3.8,65,94,794,23,24.9,18.7,-194.74,2007
29,Atlanta Falcons,16,259,4813,987,4.9,24,9,248,336,555,3293,18,15,5.5,161,385,1520,7,3.9,73,105,891,14,26.3,12.4,-199.45,2007
30,Buffalo Bills,16,252,4434,919,4.8,21,7,248,263,445,2634,12,14,5.6,141,448,1800,8,4,91,78,633,16,24.9,11.9,-172.71,2007
31,Kansas City Chiefs,16,226,4429,1001,4.4,33,13,255,335,563,3181,17,20,5.1,171,383,1248,6,3.3,66,101,697,18,21.6,15.5,-191.37,2007
32,San Francisco 49ers,16,219,3797,925,4.1,34,17,218,274,513,2320,15,17,4.1,140,357,1477,8,4.1,65,97,702,13,19.7,15.8,-316.28,2007
1,Los Angeles Chargers,16,492,5840,1016,5.7,15,6,321,287,466,3262,24,9,6.6,169,522,2578,32,4.9,137,90,791,15,43.2,6.8,-0.85,2006
2,Chicago Bears,16,427,5199,1042,5,36,14,300,282,514,3281,24,22,6.1,161,503,1918,14,3.8,103,112,923,36,34.8,15.9,-133.82,2006
3,Indianapolis Colts,16,427,6070,1011,6,19,10,376,362,557,4308,31,9,7.5,241,439,1762,17,4,112,86,718,23,47.4,10.9,26.73,2006
4,Dallas Cowboys,16,425,5772,1015,5.7,30,9,336,310,506,3836,26,21,7.1,197,472,1936,21,4.1,107,100,939,32,38.1,15.3,-35.15,2006
5,New Orleans Saints,16,413,6264,1075,5.8,23,10,330,372,580,4503,27,13,7.5,207,472,1761,19,3.7,99,79,597,24,36.8,12.1,-100.41,2006
6,Philadelphia Eagles,16,398,6103,988,6.2,24,15,312,323,544,4119,31,9,7.2,189,416,1984,13,4.8,106,112,983,17,33.9,11.5,-32.03,2006
7,New England Patriots,16,385,5369,1055,5.1,27,15,330,326,527,3400,25,12,6.1,181,499,1969,20,3.9,121,98,940,28,34.4,13.8,-76.38,2006
8,Cincinnati Bengals,16,373,5462,994,5.5,24,11,313,327,523,3833,28,13,6.9,200,435,1629,14,3.7,88,92,717,25,35.6,12.2,-89.47,2006
9,Jacksonville Jaguars,16,371,5423,989,5.5,23,9,293,266,446,2882,17,14,6.1,147,513,2541,23,5,127,97,810,19,35.1,11.2,-80.6,2006
10,Los Angeles Rams,16,367,5767,1065,5.4,18,10,332,371,592,3962,24,8,6.2,212,424,1805,13,4.3,94,116,960,26,37.7,8.7,-53.93,2006
11,New York Giants,16,355,5214,1003,5.2,28,10,304,301,523,3058,24,18,5.6,163,455,2156,14,4.7,120,101,881,21,32.6,13.7,-108.77,2006
12,Baltimore Ravens,16,353,5072,1017,5,23,9,282,328,524,3435,21,14,6.3,179,476,1637,11,3.4,86,109,878,17,31.3,11.5,-170.15,2006
13,Pittsburgh Steelers,16,353,5725,1041,5.5,37,14,327,312,523,3733,23,23,6.5,201,469,1992,16,4.2,100,69,611,26,31.4,18.1,-76.32,2006
14,Seattle Seahawks,16,335,4977,1045,4.8,34,12,312,292,512,3054,26,22,5.4,167,484,1923,8,4,112,94,700,33,29.9,17.3,-202.3,2006
15,Kansas City Chiefs,16,331,5143,1004,5.1,26,14,310,272,450,3000,18,12,6.1,184,513,2143,17,4.2,105,76,577,21,32.4,12.6,-88.56,2006
16,Tennessee Titans,16,324,4810,945,5.1,26,7,261,226,447,2596,13,19,5.5,133,469,2214,15,4.7,105,94,803,23,26.7,13.9,-168.4,2006
17,Denver Broncos,16,319,4951,973,5.1,30,12,285,256,454,2799,20,18,5.8,151,488,2152,12,4.4,106,67,478,28,30.7,14.6,-139.19,2006
18,New York Jets,16,316,4891,1013,4.8,25,9,289,313,488,3153,17,16,6,161,491,1738,15,3.5,99,70,560,29,31.8,13.6,-133.92,2006
19,Arizona Cardinals,16,314,5000,999,5,30,13,298,322,545,3662,17,17,6.3,187,419,1338,12,3.2,84,117,937,27,32.2,15.3,-95.61,2006
20,Washington Commanders,16,307,5243,979,5.4,17,7,295,274,470,3027,19,10,6.2,150,490,2216,13,4.5,123,106,939,22,30.2,9.5,-66.51,2006
21,Detroit Lions,16,305,4949,963,5.1,39,17,290,372,596,3820,21,22,5.8,208,304,1129,9,3.7,53,116,939,29,31.9,21.1,-187.39,2006
22,Green Bay Packers,16,301,5458,1085,5,33,15,301,350,630,3795,18,18,5.8,185,431,1663,9,3.9,93,90,689,23,26.6,16.1,-185.35,2006
23,Buffalo Bills,16,300,4271,898,4.8,29,15,234,268,431,2719,19,14,5.7,132,420,1552,9,3.7,82,87,629,20,27.4,15.1,-160.68,2006
24,San Francisco 49ers,16,298,4860,917,5.3,32,16,243,257,444,2688,16,16,5.6,132,438,2172,12,5,97,93,818,14,30.2,15.3,-179.97,2006
25,Atlanta Falcons,16,292,5310,1000,5.3,20,5,287,222,416,2371,21,15,5.1,133,537,2939,9,5.5,134,96,877,20,28.8,10.9,-100.14,2006
26,Minnesota Vikings,16,282,4943,1025,4.8,32,12,272,332,540,3123,13,20,5.4,160,442,1820,12,4.1,87,123,903,25,23.9,15.7,-203.52,2006
27,Carolina Panthers,16,270,4923,994,5,27,10,278,325,539,3264,19,17,5.7,158,423,1659,7,3.9,100,103,744,20,25.4,12.7,-128.23,2006
28,Houston Texans,16,267,4463,955,4.7,25,12,282,329,481,2778,14,13,5.3,156,431,1685,13,3.9,106,90,761,20,27.2,13.6,-127.87,2006
29,Miami Dolphins,16,260,4960,1034,4.8,25,6,281,342,591,3287,16,19,5.2,180,402,1673,7,4.2,82,90,789,19,25.8,12.6,-183.26,2006
30,Cleveland Browns,16,238,4233,938,4.5,42,17,250,318,512,2898,15,25,5.1,153,372,1335,7,3.6,72,74,687,25,22.9,21.3,-306.41,2006
31,Tampa Bay Buccaneers,16,211,4321,972,4.4,32,14,237,296,535,2798,14,18,4.9,133,404,1523,6,3.8,82,87,732,22,19.5,16.3,-287.73,2006
32,Las Vegas Raiders,16,168,3939,949,4.2,46,22,243,263,483,2420,7,24,4.4,144,394,1519,5,3.9,73,111,847,26,16.7,25,-358.27,2006
1,Seattle Seahawks,16,452,5915,1020,5.8,17,7,361,307,474,3458,25,10,6.9,192,519,2457,29,4.7,142,94,846,27,38.9,8.1,48.65,2005
2,Indianapolis Colts,16,439,5799,1000,5.8,19,8,363,347,515,4096,31,11,7.7,217,465,1703,18,3.7,116,94,690,30,43.6,9.1,77.86,2005
3,New York Giants,16,422,5787,1055,5.5,25,8,312,294,558,3578,24,17,6.1,172,469,2209,17,4.7,106,143,1115,34,37.8,11.4,-92.84,2005
4,Cincinnati Bengals,16,421,5730,1018,5.6,20,6,342,362,538,3820,32,14,6.8,203,459,1910,15,4.2,109,110,920,30,41.9,11.2,-62.24,2005
5,Los Angeles Chargers,16,418,5567,1022,5.4,28,12,337,338,526,3495,27,16,6.3,191,465,2072,22,4.5,116,110,890,30,39.3,13.5,-38.32,2005
6,Kansas City Chiefs,16,403,6192,1059,5.8,23,13,347,317,507,3810,17,10,7.1,182,520,2382,26,4.6,138,115,890,27,38.3,11.5,-15,2005
7,Denver Broncos,16,395,5766,1030,5.6,16,9,330,279,465,3227,18,7,6.6,162,542,2539,25,4.7,145,97,756,23,36,8.1,-52.48,2005
8,Carolina Panthers,16,391,4950,964,5.1,26,10,278,269,449,3271,25,16,6.9,157,487,1679,17,3.4,82,91,732,39,35.8,12.6,-104.34,2005
9,Pittsburgh Steelers,16,389,5149,960,5.4,23,9,297,228,379,2926,21,14,7.1,144,549,2223,21,4,120,99,876,33,36.1,10.9,-59.51,2005
10,New England Patriots,16,379,5632,1031,5.5,24,9,334,352,564,4120,28,15,7,204,439,1512,16,3.4,101,110,921,29,34.8,13,-89.97,2005
11,Los Angeles Rams,16,363,5571,1025,5.4,37,13,314,392,599,4036,23,24,6.3,209,380,1535,13,4,82,131,941,23,32.3,18.5,-103.69,2005
12,Jacksonville Jaguars,16,361,5149,1021,5,17,11,301,283,487,3190,21,6,6.1,170,502,1959,18,3.9,97,121,1006,34,32.1,8.3,-117.95,2005
13,Washington Commanders,16,359,5289,1037,5.1,27,16,301,278,481,3106,25,11,6.1,166,525,2183,15,4.2,114,108,925,21,29.7,13,-118.86,2005
14,Atlanta Falcons,16,351,5225,1021,5.1,29,16,313,247,451,2679,19,13,5.5,149,531,2546,17,4.8,139,114,1043,25,31.6,13.2,-80.52,2005
15,Dallas Cowboys,16,325,5202,1071,4.9,31,14,318,300,500,3341,23,17,6.1,177,521,1861,13,3.6,97,99,739,44,28.9,15.5,-158.41,2005
16,Miami Dolphins,16,318,5198,1026,5.1,30,14,274,291,556,3300,22,16,5.7,159,444,1898,11,4.3,93,132,1055,22,28.7,14.4,-163.29,2005
17,Arizona Cardinals,16,311,5575,1075,5.2,37,16,304,419,670,4437,21,21,6.2,224,360,1138,2,3.2,58,145,1184,22,34,18,-175.55,2005
18,Philadelphia Eagles,16,310,5109,1027,5,34,14,282,337,620,3677,21,20,5.6,182,365,1432,11,3.9,73,134,1130,27,24.8,14.7,-175.2,2005
19,Minnesota Vikings,16,306,4613,945,4.9,30,14,285,323,510,3146,18,16,5.6,169,381,1467,10,3.9,83,128,1013,33,27.9,14.2,-177.98,2005
20,Tampa Bay Buccaneers,16,300,4716,985,4.8,23,9,268,303,487,2890,17,14,5.5,161,457,1826,13,4,83,131,1085,24,27.4,11.6,-198.56,2005
21,Tennessee Titans,16,299,5122,1022,5,26,12,279,358,594,3597,20,14,5.8,191,397,1525,8,3.8,72,125,1002,16,26.4,13.5,-242.78,2005
22,Green Bay Packers,16,298,5118,1051,4.9,45,15,318,383,626,3766,20,30,5.8,206,398,1352,11,3.4,76,119,918,36,27,22.2,-157.53,2005
23,Las Vegas Raiders,16,290,4951,997,5,23,9,294,316,591,3582,21,14,5.6,189,361,1369,11,3.8,80,147,1132,25,28.4,11.5,-147.25,2005
24,Buffalo Bills,16,271,4122,930,4.4,26,10,259,269,459,2515,18,16,5,129,428,1607,6,3.8,96,120,897,34,29.9,14.1,-230.91,2005
25,Baltimore Ravens,16,265,4693,1056,4.4,36,15,286,335,562,3088,17,21,5.1,163,452,1605,5,3.6,97,139,1067,26,27.2,18.3,-237.85,2005
26,Houston Texans,16,260,4053,954,4.2,24,11,243,270,449,2237,15,13,4.3,142,437,1816,9,4.2,89,106,854,12,28.9,12.7,-206.24,2005
27,Chicago Bears,16,260,4101,937,4.4,28,13,233,219,418,2002,11,15,4.5,111,488,2099,11,4.3,99,105,850,23,22.6,12.8,-257.69,2005
28,Detroit Lions,16,254,4319,955,4.5,30,12,258,297,520,2848,15,18,5.2,151,404,1471,10,3.6,69,115,838,38,24.6,15.6,-187.33,2005
29,New York Jets,16,240,3970,907,4.4,34,19,251,268,470,2642,11,15,5.1,146,384,1328,10,3.5,74,98,801,31,25.6,16.7,-185.24,2005
30,San Francisco 49ers,16,239,3587,865,4.1,35,14,191,204,389,1898,8,21,4.3,96,428,1689,9,3.9,70,106,780,25,21.9,16.3,-278.06,2005
31,New Orleans Saints,16,235,5031,1017,4.9,43,19,312,308,553,3343,15,24,5.6,182,423,1688,8,4,89,135,1130,41,26.4,20.3,-199.14,2005
32,Cleveland Browns,16,232,4550,938,4.9,30,13,241,297,497,3047,15,17,5.6,149,395,1503,4,3.8,76,99,770,16,25.8,16.9,-234.39,2005
1,Indianapolis Colts,16,522,6475,968,6.7,17,7,379,353,527,4623,51,10,8.5,238,427,1852,10,4.3,94,106,801,47,46.3,9.7,113.82,2004
2,Kansas City Chiefs,16,483,6695,1089,6.1,27,10,398,370,561,4406,27,17,7.4,228,496,2289,31,4.6,138,117,963,32,41.2,14.3,66.99,2004
3,Los Angeles Chargers,16,446,5542,996,5.6,18,10,328,288,450,3357,29,8,7.1,160,525,2185,24,4.2,131,108,875,37,40.8,8.9,-7.11,2004
4,New England Patriots,16,437,5722,1035,5.5,27,13,344,293,485,3588,29,14,7,193,524,2134,15,4.1,120,101,822,31,42.1,14.6,22.2,2004
5,Green Bay Packers,16,424,6357,1053,6,29,10,354,382,598,4449,36,19,7.3,228,441,1908,9,4.3,98,116,950,28,37.9,15.4,10.72,2004
6,Minnesota Vikings,16,405,6339,985,6.4,21,9,351,380,552,4516,39,12,7.6,225,387,1823,8,4.7,98,117,884,28,38.9,12,65.96,2004
7,Buffalo Bills,16,395,4691,982,4.8,29,12,271,262,461,2817,21,17,5.6,149,483,1874,15,3.9,102,121,1047,20,32.1,14.4,-194.58,2004
8,Philadelphia Eagles,16,386,5618,960,5.9,22,11,301,336,547,3979,32,11,6.8,188,376,1639,10,4.4,87,124,952,26,35.9,10.9,-11.51,2004
9,Denver Broncos,16,381,6332,1070,5.9,29,9,351,303,521,3999,27,20,7.5,184,534,2333,13,4.4,127,93,880,40,36.1,14.7,-58.67,2004
10,Cincinnati Bengals,16,374,5140,1004,5.1,32,10,286,324,536,3301,23,22,5.8,172,437,1839,14,4.2,93,103,810,21,31.7,15.8,-143.68,2004
11,Pittsburgh Steelers,16,372,5184,1012,5.1,21,8,309,228,358,2720,20,13,6.9,147,618,2464,16,4,134,99,835,28,35.8,11.7,-95.61,2004
12,Seattle Seahawks,16,371,5634,1034,5.4,27,9,320,304,532,3539,23,18,6.3,189,468,2095,17,4.5,110,79,669,21,32.6,14,-65.26,2004
13,Carolina Panthers,16,355,5225,991,5.3,26,11,308,311,536,3643,29,15,6.4,192,422,1582,10,3.7,85,123,1020,31,32.4,12.6,-80.29,2004
14,New Orleans Saints,16,348,5193,989,5.3,26,10,291,309,542,3587,21,16,6.2,177,406,1606,15,4,82,129,1141,32,30.1,13,-174.82,2004
15,Tennessee Titans,16,344,5487,1053,5.2,31,12,308,356,589,3616,27,19,5.7,200,420,1871,12,4.5,85,110,923,23,29,15,-108.2,2004
16,Atlanta Falcons,16,340,5084,969,5.2,30,14,284,217,395,2412,15,16,5.4,120,524,2672,20,5.1,133,109,905,31,28.8,15.8,-108.92,2004
17,New York Jets,16,333,5438,996,5.5,16,5,313,282,438,3050,19,11,6.5,163,527,2388,15,4.5,135,91,693,15,33.3,8.6,-51.69,2004
18,Las Vegas Raiders,16,320,5153,939,5.5,35,13,275,330,582,3858,24,22,6.3,176,327,1295,10,4,75,134,1013,24,32.1,17.4,-132.26,2004
19,Los Angeles Rams,16,319,5877,1011,5.8,39,17,321,372,580,4253,23,22,6.8,203,381,1624,11,4.3,96,127,993,22,30.3,20.6,-93.92,2004
20,Baltimore Ravens,16,317,4375,991,4.4,23,12,260,258,465,2312,13,11,4.6,135,491,2063,11,4.2,103,94,894,22,27.6,10.9,-199.99,2004
21,Houston Texans,16,309,5128,1001,5.1,25,11,300,286,471,3246,16,14,6.2,174,481,1882,16,3.9,103,106,928,23,27.7,13.6,-97.09,2004
22,New York Giants,16,303,4722,951,5,24,11,281,269,475,2818,12,13,5.3,143,424,1904,18,4.5,105,118,977,33,28.6,12.1,-211.66,2004
23,Tampa Bay Buccaneers,16,301,4963,949,5.2,36,18,271,340,512,3474,24,18,6.2,175,393,1489,9,3.8,74,117,916,22,24.7,18.6,-201.99,2004
24,Detroit Lions,16,296,4693,949,4.9,20,7,263,285,505,2916,19,13,5.4,142,407,1777,7,4.4,92,121,1000,29,26.6,10.1,-132.39,2004
25,Dallas Cowboys,16,293,5197,1004,5.2,37,14,296,308,519,3428,19,23,6.2,171,449,1769,14,3.9,101,105,867,24,28.3,19.3,-152.34,2004
26,Arizona Cardinals,16,284,4550,1047,4.3,29,11,280,299,533,2882,14,18,5,152,475,1668,15,3.5,86,124,948,42,25.5,13.5,-202.74,2004
27,Cleveland Browns,16,276,4481,921,4.9,40,19,245,251,439,2824,21,21,5.9,125,441,1657,6,3.8,94,115,854,26,25.8,18.2,-244.59,2004
28,Miami Dolphins,16,275,4404,1022,4.3,42,16,267,309,586,3065,19,26,4.8,165,384,1339,10,3.5,71,112,852,31,22.9,18.6,-258.56,2004
29,Jacksonville Jaguars,16,261,5009,991,5.1,22,11,279,305,513,3159,17,11,5.8,161,446,1850,9,4.1,88,109,940,30,28.1,11.8,-135.64,2004
30,San Francisco 49ers,16,259,4585,1026,4.5,40,19,280,325,561,3136,16,21,5.1,172,413,1449,10,3.5,83,103,859,25,22,20,-234.6,2004
31,Washington Commanders,16,240,4397,1023,4.3,27,10,269,288,514,2632,18,17,4.8,156,471,1765,6,3.7,91,115,1047,22,21.7,13.1,-213.72,2004
32,Chicago Bears,16,231,3816,967,3.9,37,21,230,249,471,2192,9,16,4.1,121,430,1624,10,3.8,84,124,956,25,16.4,16.4,-332.82,2004
1,Kansas City Chiefs,16,484,5910,1003,5.9,18,6,348,339,536,3981,24,12,7.1,201,446,1929,32,4.3,120,79,698,27,38.3,8.5,36.78,2003
2,Los Angeles Rams,16,447,5457,1054,5.2,39,16,335,377,600,3961,23,23,6.2,211,411,1496,19,3.6,97,92,667,27,41.1,16.8,-159,2003
3,Indianapolis Colts,16,447,5874,1041,5.6,20,10,348,381,569,4179,29,10,7.1,212,453,1695,16,3.7,104,92,662,32,46.3,10.2,-13.96,2003
4,Green Bay Packers,16,442,5798,999,5.8,32,11,315,310,473,3240,32,21,6.6,166,507,2558,18,5,127,88,699,22,38,15.6,-49.49,2003
5,Tennessee Titans,16,435,5501,1013,5.4,21,12,310,315,502,3878,30,9,7.4,211,486,1623,11,3.3,84,110,887,15,39.4,9.6,-103.79,2003
6,Minnesota Vikings,16,416,6294,1055,6,24,11,336,333,520,3951,32,13,7,194,493,2343,15,4.8,124,127,1029,18,35.5,13.1,8.32,2003
7,Seattle Seahawks,16,404,5627,1017,5.5,29,13,338,317,521,3618,27,16,6.4,190,453,2009,17,4.4,121,91,777,27,36.2,13.5,-37.4,2003
8,Baltimore Ravens,16,391,4929,1009,4.9,38,19,259,217,415,2255,16,19,4.9,121,552,2674,18,4.8,115,126,970,23,31.8,16.6,-220.5,2003
9,San Francisco 49ers,16,384,5687,1038,5.5,25,10,313,299,511,3408,25,15,6.3,172,499,2279,16,4.6,118,104,807,23,35.1,12.4,-56.95,2003
10,Denver Broncos,16,381,5598,1047,5.3,24,6,334,280,479,2969,19,18,5.9,162,543,2629,20,4.8,133,107,922,39,36.6,12,-127.67,2003
11,Philadelphia Eagles,16,374,5035,944,5.3,22,11,302,279,484,3020,17,11,5.7,156,417,2015,23,4.8,105,96,817,41,34.2,10.2,-80.82,2003
12,New England Patriots,16,348,5039,1042,4.8,24,11,294,320,537,3432,23,13,6,177,473,1607,9,3.4,91,111,998,26,27.9,11.3,-136.51,2003
13,Cincinnati Bengals,16,346,5329,1038,5.1,22,7,313,324,520,3342,26,15,6,181,481,1987,12,4.1,101,107,846,31,33.3,11.1,-78.22,2003
14,New Orleans Saints,16,340,5438,1019,5.3,28,20,302,314,535,3438,25,8,6,177,448,2000,11,4.5,100,103,878,25,31.2,14.5,-109.71,2003
15,Carolina Panthers,16,325,5141,1008,5.1,31,15,284,270,460,3050,19,16,6.3,146,522,2091,9,4,114,116,966,24,30.8,14.9,-149.93,2003
16,Los Angeles Chargers,16,313,5167,971,5.3,31,12,290,297,525,3021,21,19,5.5,146,417,2146,16,5.1,117,126,1016,27,27.2,15.7,-126.67,2003
17,Miami Dolphins,16,311,4609,968,4.8,34,15,266,257,450,2792,17,19,5.8,145,487,1817,14,3.7,99,103,913,22,28.1,17.2,-177.92,2003
18,Tampa Bay Buccaneers,16,301,5453,1036,5.3,31,9,307,369,592,3805,27,22,6.2,190,421,1648,5,3.9,86,117,1104,31,25.5,16,-214.9,2003
19,Pittsburgh Steelers,16,300,4792,1020,4.7,28,11,275,306,532,3304,19,17,5.8,174,446,1488,10,3.3,77,111,1005,24,27.1,13.5,-166.93,2003
20,Atlanta Falcons,16,299,4357,930,4.7,31,10,252,230,460,2408,14,21,4.9,127,435,1949,17,4.5,99,90,790,26,24.9,12.9,-190.61,2003
21,Dallas Cowboys,16,289,5161,1062,4.9,29,8,286,294,510,3162,17,21,5.8,149,515,1999,11,3.9,115,98,837,22,25.1,13.8,-251.47,2003
22,Washington Commanders,16,287,4659,991,4.7,28,12,272,283,527,3006,21,16,5.3,156,421,1653,8,3.9,95,124,1038,21,28.3,13.6,-182.25,2003
23,New York Jets,16,283,4951,936,5.3,20,6,274,312,496,3316,20,14,6.3,181,409,1635,8,4,78,69,550,15,32.4,11.8,-107.89,2003
24,Chicago Bears,16,283,4380,1001,4.4,29,9,264,271,515,2617,12,20,4.7,143,443,1763,13,4,104,92,806,17,27.4,14.5,-215.02,2003
25,Jacksonville Jaguars,16,276,5358,1024,5.2,31,14,305,303,515,3285,17,17,6,163,481,2073,13,4.3,118,108,895,24,27.3,15.8,-132.3,2003
26,Las Vegas Raiders,16,270,4573,987,4.6,26,12,258,278,521,2751,9,14,4.9,140,423,1822,15,4.3,98,134,1120,20,24.3,12.2,-190.11,2003
27,Detroit Lions,16,270,4262,975,4.4,28,4,250,319,588,2924,17,24,4.9,152,376,1338,5,3.6,69,107,859,29,23.2,13.7,-212.29,2003
28,Houston Texans,16,255,4306,896,4.8,27,9,237,248,439,2655,14,18,5.6,127,421,1651,14,3.9,86,121,961,24,24.5,13.8,-200.45,2003
29,Cleveland Browns,16,254,4504,961,4.7,33,15,276,313,509,2834,17,18,5.2,153,412,1670,8,4.1,91,98,767,32,26.7,17.2,-191.88,2003
30,New York Giants,16,243,4942,1047,4.7,38,18,300,344,616,3383,16,20,5.1,184,387,1559,6,4,90,127,1090,26,21.4,18.4,-225.77,2003
31,Buffalo Bills,16,243,4348,980,4.4,34,17,268,293,502,2684,11,17,4.9,150,427,1664,13,3.9,96,106,891,22,21.9,17.6,-230.07,2003
32,Arizona Cardinals,16,225,4490,981,4.6,36,14,256,303,534,2959,18,22,5.1,147,403,1531,5,3.8,80,98,761,29,22.2,18.4,-250.75,2003
1,Kansas City Chiefs,16,467,6000,965,6.2,15,2,343,292,477,3622,27,13,7.2,179,462,2378,26,5.1,140,75,700,24,42.7,7.9,145.45,2002
2,Las Vegas Raiders,16,450,6237,1069,5.8,19,9,366,418,619,4475,26,10,6.8,226,414,1762,21,4.3,113,129,1094,27,42.7,9.4,123.35,2002
3,New Orleans Saints,16,432,5205,1001,5.2,30,15,291,291,538,3441,27,15,6,169,426,1764,16,4.1,91,119,911,31,38.5,14.6,-77.44,2002
4,Philadelphia Eagles,16,415,5604,1073,5.2,24,13,311,318,548,3384,27,11,5.8,164,489,2220,15,4.5,124,111,897,23,36,12,-15.34,2002
5,Atlanta Falcons,16,402,5535,1038,5.3,27,15,316,268,479,3167,18,12,6.1,163,523,2368,23,4.5,123,105,931,30,38.6,13.2,38.4,2002
6,Green Bay Packers,16,398,5560,1058,5.3,28,12,318,361,580,3627,29,16,6,197,451,1933,12,4.3,94,108,913,27,34.8,14.1,-6.25,2002
7,Denver Broncos,16,392,6090,1057,5.8,27,7,357,359,554,3824,21,20,6.4,199,457,2266,21,5,125,104,877,33,37.6,14.9,42.47,2002
8,Pittsburgh Steelers,16,390,5952,1097,5.4,36,14,343,350,551,3832,26,22,6.6,200,512,2120,15,4.1,119,90,712,24,35.7,16.8,1.38,2002
9,Minnesota Vikings,16,390,6192,1080,5.7,41,18,350,337,558,3685,19,23,6.1,191,473,2507,26,5.3,139,137,1139,20,35.6,19.9,66.42,2002
10,New England Patriots,16,381,5085,1031,4.9,24,10,304,374,605,3577,28,14,5.6,184,395,1508,9,3.8,99,108,895,21,34.6,11.9,-32.13,2002
11,Buffalo Bills,16,379,5591,1054,5.3,31,16,355,377,612,3995,24,15,6,218,388,1596,17,4.1,90,112,1031,47,35.9,15.8,8.45,2002
12,Miami Dolphins,16,378,5392,1010,5.3,30,15,318,271,455,2890,18,15,6,155,530,2502,24,4.7,139,103,859,24,34.6,15.7,-18.71,2002
13,San Francisco 49ers,16,367,5701,1082,5.3,17,7,342,354,571,3457,23,10,5.8,182,489,2244,16,4.6,141,87,725,19,37.6,9.2,66.68,2002
14,Tennessee Titans,16,367,5272,1032,5.1,25,10,312,306,500,3320,22,15,6.4,182,511,1952,16,3.8,112,112,891,18,34.6,13.2,9.52,2002
15,New York Jets,16,359,5036,917,5.5,19,9,300,329,485,3418,25,10,6.6,190,400,1618,12,4,86,79,685,24,36.1,10.7,34.42,2002
16,Seattle Seahawks,16,355,5818,1050,5.5,28,12,347,361,587,4078,19,16,6.6,208,430,1740,17,4,104,100,792,35,33,15.6,28.89,2002
17,Indianapolis Colts,16,349,5616,1048,5.4,32,13,324,392,591,4055,27,19,6.6,213,434,1561,12,3.6,93,91,730,18,33.9,16.4,-4.6,2002
18,Tampa Bay Buccaneers,16,346,5002,1022,4.9,21,11,287,348,567,3445,23,10,5.7,172,414,1557,6,3.8,90,103,789,25,32.6,10.7,-43.76,2002
19,Cleveland Browns,16,344,5027,993,5.1,31,9,279,338,552,3412,27,22,5.8,171,406,1615,10,4,77,107,845,31,30.9,15.2,-34.95,2002
20,Los Angeles Chargers,16,333,5325,1028,5.2,24,8,313,324,538,3188,17,16,5.7,166,466,2137,19,4.6,117,100,805,30,28.3,11,4.14,2002
21,Jacksonville Jaguars,16,328,4851,959,5.1,15,6,275,268,462,2762,18,9,5.5,156,455,2089,19,4.6,105,89,685,14,31.5,7.9,0.42,2002
22,New York Giants,16,320,5826,1059,5.5,27,13,323,338,549,3951,19,14,6.9,195,486,1875,14,3.9,95,113,955,33,31.2,13.8,3.07,2002
23,Baltimore Ravens,16,316,4639,947,4.9,32,18,261,262,479,2847,20,14,5.5,145,427,1792,9,4.2,90,101,846,26,27.6,15.1,-74.46,2002
24,Los Angeles Rams,16,316,5559,1024,5.4,45,18,315,408,635,4154,24,27,6.1,219,343,1405,11,4.1,76,120,919,20,28.6,23.3,-83.04,2002
25,Washington Commanders,16,307,5143,1039,4.9,40,20,303,300,559,3254,24,20,5.5,165,442,1889,10,4.3,107,116,968,31,25.4,18.3,-73.72,2002
26,Detroit Lions,16,306,4471,955,4.7,31,6,242,277,577,2994,19,25,5,150,358,1477,9,4.1,69,104,916,23,26,14.8,-123.66,2002
27,Chicago Bears,16,281,4395,969,4.5,35,17,260,310,543,3051,22,18,5.2,156,382,1344,8,3.5,79,95,864,25,26.1,16.1,-162.12,2002
28,Cincinnati Bengals,16,279,5206,1054,4.9,35,13,315,350,591,3476,17,22,5.5,186,426,1730,13,4.1,105,99,884,24,24.6,16.9,-71.35,2002
29,Arizona Cardinals,16,262,4563,1003,4.5,35,13,274,291,548,2740,18,22,4.7,148,414,1823,10,4.4,94,76,617,32,22.9,18.6,-107.7,2002
30,Carolina Panthers,16,258,4280,960,4.5,40,18,238,255,464,2694,15,22,5.3,133,452,1586,11,3.5,82,94,785,23,19.4,17.5,-165.57,2002
31,Dallas Cowboys,16,217,4375,948,4.6,34,18,237,252,471,2621,14,16,5,129,423,1754,7,4.1,87,105,974,21,16.3,15.8,-183.74,2002
32,Houston Texans,16,213,3572,947,3.8,29,14,208,235,447,2225,11,15,4.3,119,424,1347,6,3.2,59,136,1011,30,16.9,11.9,-228.99,2002
